week_start,sku_id,category,demand_units,promo_flag
2022-01-03,BEV-01,Beverages,183,0
2022-01-10,BEV-01,Beverages,145,0
2022-01-17,BEV-01,Beverages,158,0
2022-01-24,BEV-01,Beverages,107,0
2022-01-31,BEV-01,Beverages,216,0
2022-02-07,BEV-01,Beverages,203,0
2022-02-14,BEV-01,Beverages,149,0
2022-02-21,BEV-01,Beverages,237,0
2022-02-28,BEV-01,Beverages,185,0
2022-03-07,BEV-01,Beverages,111,0
2022-03-14,BEV-01,Beverages,251,1
2022-03-21,BEV-01,Beverages,121,0
2022-03-28,BEV-01,Beverages,286,0
2022-04-04,BEV-01,Beverages,211,0
2022-04-11,BEV-01,Beverages,217,0
2022-04-18,BEV-01,Beverages,192,0
2022-04-25,BEV-01,Beverages,464,0
2022-05-02,BEV-01,Beverages,279,0
2022-05-09,BEV-01,Beverages,266,0
2022-05-16,BEV-01,Beverages,292,0
2022-05-23,BEV-01,Beverages,445,0
2022-05-30,BEV-01,Beverages,433,0
2022-06-06,BEV-01,Beverages,456,0
2022-06-13,BEV-01,Beverages,471,0
2022-06-20,BEV-01,Beverages,984,0
2022-06-27,BEV-01,Beverages,337,0
2022-07-04,BEV-01,Beverages,322,0
2022-07-11,BEV-01,Beverages,281,0
2022-07-18,BEV-01,Beverages,505,0
2022-07-25,BEV-01,Beverages,613,0
2022-08-01,BEV-01,Beverages,352,0
2022-08-08,BEV-01,Beverages,251,0
2022-08-15,BEV-01,Beverages,243,0
2022-08-22,BEV-01,Beverages,436,0
2022-08-29,BEV-01,Beverages,435,0
2022-09-05,BEV-01,Beverages,383,0
2022-09-12,BEV-01,Beverages,221,0
2022-09-19,BEV-01,Beverages,311,0
2022-09-26,BEV-01,Beverages,286,0
2022-10-03,BEV-01,Beverages,495,1
2022-10-10,BEV-01,Beverages,371,0
2022-10-17,BEV-01,Beverages,275,0
2022-10-24,BEV-01,Beverages,327,0
2022-10-31,BEV-01,Beverages,247,0
2022-11-07,BEV-01,Beverages,266,0
2022-11-14,BEV-01,Beverages,301,0
2022-11-21,BEV-01,Beverages,122,0
2022-11-28,BEV-01,Beverages,193,0
2022-12-05,BEV-01,Beverages,176,0
2022-12-12,BEV-01,Beverages,159,0
2022-12-19,BEV-01,Beverages,179,0
2022-12-26,BEV-01,Beverages,363,0
2023-01-02,BEV-01,Beverages,128,0
2023-01-09,BEV-01,Beverages,267,0
2023-01-16,BEV-01,Beverages,83,0
2023-01-23,BEV-01,Beverages,142,0
2023-01-30,BEV-01,Beverages,169,0
2023-02-06,BEV-01,Beverages,198,0
2023-02-13,BEV-01,Beverages,208,0
2023-02-20,BEV-01,Beverages,217,0
2023-02-27,BEV-01,Beverages,138,0
2023-03-06,BEV-01,Beverages,222,1
2023-03-13,BEV-01,Beverages,254,0
2023-03-20,BEV-01,Beverages,175,0
2023-03-27,BEV-01,Beverages,120,0
2023-04-03,BEV-01,Beverages,139,0
2023-04-10,BEV-01,Beverages,166,0
2023-04-17,BEV-01,Beverages,329,0
2023-04-24,BEV-01,Beverages,307,0
2023-05-01,BEV-01,Beverages,417,0
2023-05-08,BEV-01,Beverages,279,0
2023-05-15,BEV-01,Beverages,379,0
2023-05-22,BEV-01,Beverages,486,0
2023-05-29,BEV-01,Beverages,396,1
2023-06-05,BEV-01,Beverages,489,0
2023-06-12,BEV-01,Beverages,313,0
2023-06-19,BEV-01,Beverages,361,0
2023-06-26,BEV-01,Beverages,361,0
2023-07-03,BEV-01,Beverages,256,0
2023-07-10,BEV-01,Beverages,516,0
2023-07-17,BEV-01,Beverages,339,0
2023-07-24,BEV-01,Beverages,407,0
2023-07-31,BEV-01,Beverages,482,0
2023-08-07,BEV-01,Beverages,460,0
2023-08-14,BEV-01,Beverages,486,0
2023-08-21,BEV-01,Beverages,338,0
2023-08-28,BEV-01,Beverages,283,0
2023-09-04,BEV-01,Beverages,314,0
2023-09-11,BEV-01,Beverages,153,0
2023-09-18,BEV-01,Beverages,163,0
2023-09-25,BEV-01,Beverages,166,0
2023-10-02,BEV-01,Beverages,184,0
2023-10-09,BEV-01,Beverages,323,0
2023-10-16,BEV-01,Beverages,182,0
2023-10-23,BEV-01,Beverages,222,0
2023-10-30,BEV-01,Beverages,442,0
2023-11-06,BEV-01,Beverages,215,0
2023-11-13,BEV-01,Beverages,335,0
2023-11-20,BEV-01,Beverages,162,0
2023-11-27,BEV-01,Beverages,215,0
2023-12-04,BEV-01,Beverages,153,0
2023-12-11,BEV-01,Beverages,192,0
2023-12-18,BEV-01,Beverages,305,0
2023-12-25,BEV-01,Beverages,99,0
2024-01-01,BEV-01,Beverages,387,1
2024-01-08,BEV-01,Beverages,270,1
2024-01-15,BEV-01,Beverages,141,0
2024-01-22,BEV-01,Beverages,112,1
2024-01-29,BEV-01,Beverages,174,0
2024-02-05,BEV-01,Beverages,131,0
2024-02-12,BEV-01,Beverages,180,0
2024-02-19,BEV-01,Beverages,165,0
2024-02-26,BEV-01,Beverages,330,0
2024-03-04,BEV-01,Beverages,158,0
2024-03-11,BEV-01,Beverages,120,0
2024-03-18,BEV-01,Beverages,262,1
2024-03-25,BEV-01,Beverages,236,0
2024-04-01,BEV-01,Beverages,415,0
2024-04-08,BEV-01,Beverages,363,0
2024-04-15,BEV-01,Beverages,323,0
2024-04-22,BEV-01,Beverages,559,0
2024-04-29,BEV-01,Beverages,313,1
2024-05-06,BEV-01,Beverages,266,0
2024-05-13,BEV-01,Beverages,251,0
2024-05-20,BEV-01,Beverages,332,0
2024-05-27,BEV-01,Beverages,229,0
2024-06-03,BEV-01,Beverages,842,1
2024-06-10,BEV-01,Beverages,397,0
2024-06-17,BEV-01,Beverages,239,0
2024-06-24,BEV-01,Beverages,292,0
2024-07-01,BEV-01,Beverages,512,0
2024-07-08,BEV-01,Beverages,635,0
2024-07-15,BEV-01,Beverages,1021,0
2024-07-22,BEV-01,Beverages,1472,0
2024-07-29,BEV-01,Beverages,499,0
2024-08-05,BEV-01,Beverages,267,0
2024-08-12,BEV-01,Beverages,159,0
2024-08-19,BEV-01,Beverages,421,0
2024-08-26,BEV-01,Beverages,256,0
2024-09-02,BEV-01,Beverages,291,0
2024-09-09,BEV-01,Beverages,257,0
2024-09-16,BEV-01,Beverages,302,0
2024-09-23,BEV-01,Beverages,485,0
2024-09-30,BEV-01,Beverages,320,0
2024-10-07,BEV-01,Beverages,272,0
2024-10-14,BEV-01,Beverages,183,0
2024-10-21,BEV-01,Beverages,136,0
2024-10-28,BEV-01,Beverages,221,0
2024-11-04,BEV-01,Beverages,260,0
2024-11-11,BEV-01,Beverages,550,0
2024-11-18,BEV-01,Beverages,270,0
2024-11-25,BEV-01,Beverages,378,0
2024-12-02,BEV-01,Beverages,197,0
2024-12-09,BEV-01,Beverages,143,0
2024-12-16,BEV-01,Beverages,151,0
2024-12-23,BEV-01,Beverages,161,0
2022-01-03,BEV-02,Beverages,205,0
2022-01-10,BEV-02,Beverages,269,0
2022-01-17,BEV-02,Beverages,291,1
2022-01-24,BEV-02,Beverages,176,0
2022-01-31,BEV-02,Beverages,207,0
2022-02-07,BEV-02,Beverages,187,0
2022-02-14,BEV-02,Beverages,191,0
2022-02-21,BEV-02,Beverages,207,0
2022-02-28,BEV-02,Beverages,225,0
2022-03-07,BEV-02,Beverages,205,0
2022-03-14,BEV-02,Beverages,257,0
2022-03-21,BEV-02,Beverages,202,0
2022-03-28,BEV-02,Beverages,249,0
2022-04-04,BEV-02,Beverages,370,0
2022-04-11,BEV-02,Beverages,286,0
2022-04-18,BEV-02,Beverages,355,0
2022-04-25,BEV-02,Beverages,314,0
2022-05-02,BEV-02,Beverages,351,0
2022-05-09,BEV-02,Beverages,338,0
2022-05-16,BEV-02,Beverages,346,0
2022-05-23,BEV-02,Beverages,329,0
2022-05-30,BEV-02,Beverages,396,0
2022-06-06,BEV-02,Beverages,341,0
2022-06-13,BEV-02,Beverages,422,0
2022-06-20,BEV-02,Beverages,448,0
2022-06-27,BEV-02,Beverages,407,0
2022-07-04,BEV-02,Beverages,371,0
2022-07-11,BEV-02,Beverages,404,0
2022-07-18,BEV-02,Beverages,360,0
2022-07-25,BEV-02,Beverages,415,0
2022-08-01,BEV-02,Beverages,281,0
2022-08-08,BEV-02,Beverages,333,0
2022-08-15,BEV-02,Beverages,261,0
2022-08-22,BEV-02,Beverages,270,0
2022-08-29,BEV-02,Beverages,382,0
2022-09-05,BEV-02,Beverages,489,1
2022-09-12,BEV-02,Beverages,275,0
2022-09-19,BEV-02,Beverages,242,0
2022-09-26,BEV-02,Beverages,196,0
2022-10-03,BEV-02,Beverages,264,0
2022-10-10,BEV-02,Beverages,383,0
2022-10-17,BEV-02,Beverages,291,0
2022-10-24,BEV-02,Beverages,252,0
2022-10-31,BEV-02,Beverages,284,0
2022-11-07,BEV-02,Beverages,215,0
2022-11-14,BEV-02,Beverages,251,0
2022-11-21,BEV-02,Beverages,260,0
2022-11-28,BEV-02,Beverages,250,0
2022-12-05,BEV-02,Beverages,275,0
2022-12-12,BEV-02,Beverages,254,0
2022-12-19,BEV-02,Beverages,258,0
2022-12-26,BEV-02,Beverages,211,0
2023-01-02,BEV-02,Beverages,253,0
2023-01-09,BEV-02,Beverages,272,0
2023-01-16,BEV-02,Beverages,189,0
2023-01-23,BEV-02,Beverages,188,0
2023-01-30,BEV-02,Beverages,248,0
2023-02-06,BEV-02,Beverages,202,0
2023-02-13,BEV-02,Beverages,251,0
2023-02-20,BEV-02,Beverages,199,0
2023-02-27,BEV-02,Beverages,262,0
2023-03-06,BEV-02,Beverages,228,0
2023-03-13,BEV-02,Beverages,241,0
2023-03-20,BEV-02,Beverages,301,0
2023-03-27,BEV-02,Beverages,246,0
2023-04-03,BEV-02,Beverages,242,0
2023-04-10,BEV-02,Beverages,273,0
2023-04-17,BEV-02,Beverages,325,0
2023-04-24,BEV-02,Beverages,263,0
2023-05-01,BEV-02,Beverages,369,0
2023-05-08,BEV-02,Beverages,331,0
2023-05-15,BEV-02,Beverages,429,0
2023-05-22,BEV-02,Beverages,279,0
2023-05-29,BEV-02,Beverages,353,0
2023-06-05,BEV-02,Beverages,320,0
2023-06-12,BEV-02,Beverages,551,1
2023-06-19,BEV-02,Beverages,422,0
2023-06-26,BEV-02,Beverages,399,0
2023-07-03,BEV-02,Beverages,594,1
2023-07-10,BEV-02,Beverages,393,0
2023-07-17,BEV-02,Beverages,406,0
2023-07-24,BEV-02,Beverages,339,0
2023-07-31,BEV-02,Beverages,415,0
2023-08-07,BEV-02,Beverages,402,0
2023-08-14,BEV-02,Beverages,462,1
2023-08-21,BEV-02,Beverages,374,0
2023-08-28,BEV-02,Beverages,351,0
2023-09-04,BEV-02,Beverages,428,0
2023-09-11,BEV-02,Beverages,316,0
2023-09-18,BEV-02,Beverages,299,0
2023-09-25,BEV-02,Beverages,276,0
2023-10-02,BEV-02,Beverages,261,0
2023-10-09,BEV-02,Beverages,249,0
2023-10-16,BEV-02,Beverages,339,1
2023-10-23,BEV-02,Beverages,283,0
2023-10-30,BEV-02,Beverages,295,0
2023-11-06,BEV-02,Beverages,410,1
2023-11-13,BEV-02,Beverages,248,0
2023-11-20,BEV-02,Beverages,305,0
2023-11-27,BEV-02,Beverages,293,0
2023-12-04,BEV-02,Beverages,256,0
2023-12-11,BEV-02,Beverages,235,0
2023-12-18,BEV-02,Beverages,269,0
2023-12-25,BEV-02,Beverages,250,0
2024-01-01,BEV-02,Beverages,197,0
2024-01-08,BEV-02,Beverages,230,0
2024-01-15,BEV-02,Beverages,235,0
2024-01-22,BEV-02,Beverages,198,0
2024-01-29,BEV-02,Beverages,225,0
2024-02-05,BEV-02,Beverages,180,0
2024-02-12,BEV-02,Beverages,261,0
2024-02-19,BEV-02,Beverages,454,1
2024-02-26,BEV-02,Beverages,219,0
2024-03-04,BEV-02,Beverages,245,0
2024-03-11,BEV-02,Beverages,177,0
2024-03-18,BEV-02,Beverages,292,1
2024-03-25,BEV-02,Beverages,259,0
2024-04-01,BEV-02,Beverages,247,0
2024-04-08,BEV-02,Beverages,548,1
2024-04-15,BEV-02,Beverages,414,0
2024-04-22,BEV-02,Beverages,425,1
2024-04-29,BEV-02,Beverages,317,0
2024-05-06,BEV-02,Beverages,382,0
2024-05-13,BEV-02,Beverages,476,0
2024-05-20,BEV-02,Beverages,340,0
2024-05-27,BEV-02,Beverages,424,0
2024-06-03,BEV-02,Beverages,532,0
2024-06-10,BEV-02,Beverages,454,1
2024-06-17,BEV-02,Beverages,362,0
2024-06-24,BEV-02,Beverages,406,0
2024-07-01,BEV-02,Beverages,399,0
2024-07-08,BEV-02,Beverages,471,0
2024-07-15,BEV-02,Beverages,430,0
2024-07-22,BEV-02,Beverages,324,0
2024-07-29,BEV-02,Beverages,427,0
2024-08-05,BEV-02,Beverages,360,0
2024-08-12,BEV-02,Beverages,447,0
2024-08-19,BEV-02,Beverages,338,0
2024-08-26,BEV-02,Beverages,328,0
2024-09-02,BEV-02,Beverages,372,0
2024-09-09,BEV-02,Beverages,373,0
2024-09-16,BEV-02,Beverages,349,0
2024-09-23,BEV-02,Beverages,258,0
2024-09-30,BEV-02,Beverages,338,0
2024-10-07,BEV-02,Beverages,270,0
2024-10-14,BEV-02,Beverages,315,0
2024-10-21,BEV-02,Beverages,250,0
2024-10-28,BEV-02,Beverages,463,1
2024-11-04,BEV-02,Beverages,264,0
2024-11-11,BEV-02,Beverages,317,1
2024-11-18,BEV-02,Beverages,313,0
2024-11-25,BEV-02,Beverages,290,0
2024-12-02,BEV-02,Beverages,254,0
2024-12-09,BEV-02,Beverages,327,0
2024-12-16,BEV-02,Beverages,249,0
2024-12-23,BEV-02,Beverages,259,0
2022-01-03,BEV-03,Beverages,638,0
2022-01-10,BEV-03,Beverages,198,0
2022-01-17,BEV-03,Beverages,253,0
2022-01-24,BEV-03,Beverages,56,0
2022-01-31,BEV-03,Beverages,145,0
2022-02-07,BEV-03,Beverages,366,0
2022-02-14,BEV-03,Beverages,356,0
2022-02-21,BEV-03,Beverages,210,0
2022-02-28,BEV-03,Beverages,398,0
2022-03-07,BEV-03,Beverages,297,0
2022-03-14,BEV-03,Beverages,582,0
2022-03-21,BEV-03,Beverages,277,0
2022-03-28,BEV-03,Beverages,166,0
2022-04-04,BEV-03,Beverages,318,0
2022-04-11,BEV-03,Beverages,26,1
2022-04-18,BEV-03,Beverages,360,0
2022-04-25,BEV-03,Beverages,11,0
2022-05-02,BEV-03,Beverages,61,0
2022-05-09,BEV-03,Beverages,414,0
2022-05-16,BEV-03,Beverages,429,0
2022-05-23,BEV-03,Beverages,103,0
2022-05-30,BEV-03,Beverages,153,0
2022-06-06,BEV-03,Beverages,938,0
2022-06-13,BEV-03,Beverages,184,0
2022-06-20,BEV-03,Beverages,1958,0
2022-06-27,BEV-03,Beverages,272,0
2022-07-04,BEV-03,Beverages,380,0
2022-07-11,BEV-03,Beverages,1062,0
2022-07-18,BEV-03,Beverages,283,0
2022-07-25,BEV-03,Beverages,103,0
2022-08-01,BEV-03,Beverages,217,0
2022-08-08,BEV-03,Beverages,226,0
2022-08-15,BEV-03,Beverages,103,1
2022-08-22,BEV-03,Beverages,204,1
2022-08-29,BEV-03,Beverages,114,0
2022-09-05,BEV-03,Beverages,477,0
2022-09-12,BEV-03,Beverages,322,1
2022-09-19,BEV-03,Beverages,162,0
2022-09-26,BEV-03,Beverages,186,0
2022-10-03,BEV-03,Beverages,245,0
2022-10-10,BEV-03,Beverages,342,0
2022-10-17,BEV-03,Beverages,82,0
2022-10-24,BEV-03,Beverages,78,0
2022-10-31,BEV-03,Beverages,502,0
2022-11-07,BEV-03,Beverages,132,0
2022-11-14,BEV-03,Beverages,54,0
2022-11-21,BEV-03,Beverages,267,0
2022-11-28,BEV-03,Beverages,265,0
2022-12-05,BEV-03,Beverages,46,0
2022-12-12,BEV-03,Beverages,207,0
2022-12-19,BEV-03,Beverages,314,0
2022-12-26,BEV-03,Beverages,225,0
2023-01-02,BEV-03,Beverages,279,0
2023-01-09,BEV-03,Beverages,47,0
2023-01-16,BEV-03,Beverages,213,0
2023-01-23,BEV-03,Beverages,124,0
2023-01-30,BEV-03,Beverages,108,0
2023-02-06,BEV-03,Beverages,362,0
2023-02-13,BEV-03,Beverages,638,0
2023-02-20,BEV-03,Beverages,877,0
2023-02-27,BEV-03,Beverages,606,0
2023-03-06,BEV-03,Beverages,184,0
2023-03-13,BEV-03,Beverages,291,0
2023-03-20,BEV-03,Beverages,440,0
2023-03-27,BEV-03,Beverages,264,0
2023-04-03,BEV-03,Beverages,279,0
2023-04-10,BEV-03,Beverages,534,0
2023-04-17,BEV-03,Beverages,257,0
2023-04-24,BEV-03,Beverages,148,0
2023-05-01,BEV-03,Beverages,201,0
2023-05-08,BEV-03,Beverages,511,0
2023-05-15,BEV-03,Beverages,299,0
2023-05-22,BEV-03,Beverages,405,0
2023-05-29,BEV-03,Beverages,541,0
2023-06-05,BEV-03,Beverages,217,0
2023-06-12,BEV-03,Beverages,576,0
2023-06-19,BEV-03,Beverages,409,0
2023-06-26,BEV-03,Beverages,98,0
2023-07-03,BEV-03,Beverages,993,0
2023-07-10,BEV-03,Beverages,178,0
2023-07-17,BEV-03,Beverages,98,1
2023-07-24,BEV-03,Beverages,144,1
2023-07-31,BEV-03,Beverages,104,0
2023-08-07,BEV-03,Beverages,259,0
2023-08-14,BEV-03,Beverages,190,0
2023-08-21,BEV-03,Beverages,175,0
2023-08-28,BEV-03,Beverages,395,0
2023-09-04,BEV-03,Beverages,304,0
2023-09-11,BEV-03,Beverages,293,0
2023-09-18,BEV-03,Beverages,313,0
2023-09-25,BEV-03,Beverages,370,0
2023-10-02,BEV-03,Beverages,34,0
2023-10-09,BEV-03,Beverages,154,0
2023-10-16,BEV-03,Beverages,31,0
2023-10-23,BEV-03,Beverages,213,0
2023-10-30,BEV-03,Beverages,202,0
2023-11-06,BEV-03,Beverages,766,1
2023-11-13,BEV-03,Beverages,552,0
2023-11-20,BEV-03,Beverages,229,0
2023-11-27,BEV-03,Beverages,122,0
2023-12-04,BEV-03,Beverages,280,0
2023-12-11,BEV-03,Beverages,113,0
2023-12-18,BEV-03,Beverages,176,0
2023-12-25,BEV-03,Beverages,408,0
2024-01-01,BEV-03,Beverages,105,0
2024-01-08,BEV-03,Beverages,400,1
2024-01-15,BEV-03,Beverages,305,0
2024-01-22,BEV-03,Beverages,74,0
2024-01-29,BEV-03,Beverages,405,0
2024-02-05,BEV-03,Beverages,327,0
2024-02-12,BEV-03,Beverages,202,0
2024-02-19,BEV-03,Beverages,99,0
2024-02-26,BEV-03,Beverages,95,0
2024-03-04,BEV-03,Beverages,133,0
2024-03-11,BEV-03,Beverages,360,0
2024-03-18,BEV-03,Beverages,103,0
2024-03-25,BEV-03,Beverages,364,0
2024-04-01,BEV-03,Beverages,88,0
2024-04-08,BEV-03,Beverages,229,0
2024-04-15,BEV-03,Beverages,434,1
2024-04-22,BEV-03,Beverages,2481,0
2024-04-29,BEV-03,Beverages,91,0
2024-05-06,BEV-03,Beverages,1118,0
2024-05-13,BEV-03,Beverages,359,0
2024-05-20,BEV-03,Beverages,455,0
2024-05-27,BEV-03,Beverages,354,0
2024-06-03,BEV-03,Beverages,469,0
2024-06-10,BEV-03,Beverages,276,0
2024-06-17,BEV-03,Beverages,1107,0
2024-06-24,BEV-03,Beverages,206,0
2024-07-01,BEV-03,Beverages,805,0
2024-07-08,BEV-03,Beverages,167,0
2024-07-15,BEV-03,Beverages,271,0
2024-07-22,BEV-03,Beverages,109,0
2024-07-29,BEV-03,Beverages,401,0
2024-08-05,BEV-03,Beverages,926,0
2024-08-12,BEV-03,Beverages,353,1
2024-08-19,BEV-03,Beverages,210,0
2024-08-26,BEV-03,Beverages,93,0
2024-09-02,BEV-03,Beverages,196,0
2024-09-09,BEV-03,Beverages,59,0
2024-09-16,BEV-03,Beverages,105,0
2024-09-23,BEV-03,Beverages,280,0
2024-09-30,BEV-03,Beverages,716,0
2024-10-07,BEV-03,Beverages,2594,0
2024-10-14,BEV-03,Beverages,133,0
2024-10-21,BEV-03,Beverages,764,0
2024-10-28,BEV-03,Beverages,266,0
2024-11-04,BEV-03,Beverages,186,0
2024-11-11,BEV-03,Beverages,303,0
2024-11-18,BEV-03,Beverages,215,0
2024-11-25,BEV-03,Beverages,220,0
2024-12-02,BEV-03,Beverages,137,0
2024-12-09,BEV-03,Beverages,56,0
2024-12-16,BEV-03,Beverages,49,0
2024-12-23,BEV-03,Beverages,323,0
2022-01-03,BEV-04,Beverages,222,0
2022-01-10,BEV-04,Beverages,266,0
2022-01-17,BEV-04,Beverages,253,0
2022-01-24,BEV-04,Beverages,274,0
2022-01-31,BEV-04,Beverages,257,0
2022-02-07,BEV-04,Beverages,288,0
2022-02-14,BEV-04,Beverages,266,0
2022-02-21,BEV-04,Beverages,407,0
2022-02-28,BEV-04,Beverages,253,0
2022-03-07,BEV-04,Beverages,400,0
2022-03-14,BEV-04,Beverages,431,0
2022-03-21,BEV-04,Beverages,334,0
2022-03-28,BEV-04,Beverages,544,0
2022-04-04,BEV-04,Beverages,481,0
2022-04-11,BEV-04,Beverages,502,0
2022-04-18,BEV-04,Beverages,457,0
2022-04-25,BEV-04,Beverages,698,1
2022-05-02,BEV-04,Beverages,469,0
2022-05-09,BEV-04,Beverages,520,0
2022-05-16,BEV-04,Beverages,889,1
2022-05-23,BEV-04,Beverages,515,0
2022-05-30,BEV-04,Beverages,442,0
2022-06-06,BEV-04,Beverages,560,0
2022-06-13,BEV-04,Beverages,562,0
2022-06-20,BEV-04,Beverages,532,0
2022-06-27,BEV-04,Beverages,528,0
2022-07-04,BEV-04,Beverages,448,0
2022-07-11,BEV-04,Beverages,398,0
2022-07-18,BEV-04,Beverages,391,0
2022-07-25,BEV-04,Beverages,341,0
2022-08-01,BEV-04,Beverages,432,0
2022-08-08,BEV-04,Beverages,403,0
2022-08-15,BEV-04,Beverages,374,0
2022-08-22,BEV-04,Beverages,257,0
2022-08-29,BEV-04,Beverages,321,0
2022-09-05,BEV-04,Beverages,440,0
2022-09-12,BEV-04,Beverages,338,0
2022-09-19,BEV-04,Beverages,386,0
2022-09-26,BEV-04,Beverages,298,0
2022-10-03,BEV-04,Beverages,439,0
2022-10-10,BEV-04,Beverages,348,0
2022-10-17,BEV-04,Beverages,366,0
2022-10-24,BEV-04,Beverages,480,0
2022-10-31,BEV-04,Beverages,422,0
2022-11-07,BEV-04,Beverages,321,0
2022-11-14,BEV-04,Beverages,302,0
2022-11-21,BEV-04,Beverages,307,0
2022-11-28,BEV-04,Beverages,337,0
2022-12-05,BEV-04,Beverages,302,0
2022-12-12,BEV-04,Beverages,284,0
2022-12-19,BEV-04,Beverages,362,0
2022-12-26,BEV-04,Beverages,286,0
2023-01-02,BEV-04,Beverages,397,0
2023-01-09,BEV-04,Beverages,292,0
2023-01-16,BEV-04,Beverages,374,0
2023-01-23,BEV-04,Beverages,312,0
2023-01-30,BEV-04,Beverages,350,0
2023-02-06,BEV-04,Beverages,287,0
2023-02-13,BEV-04,Beverages,296,0
2023-02-20,BEV-04,Beverages,554,1
2023-02-27,BEV-04,Beverages,428,0
2023-03-06,BEV-04,Beverages,398,0
2023-03-13,BEV-04,Beverages,351,0
2023-03-20,BEV-04,Beverages,368,0
2023-03-27,BEV-04,Beverages,385,0
2023-04-03,BEV-04,Beverages,387,0
2023-04-10,BEV-04,Beverages,527,0
2023-04-17,BEV-04,Beverages,633,0
2023-04-24,BEV-04,Beverages,889,1
2023-05-01,BEV-04,Beverages,418,0
2023-05-08,BEV-04,Beverages,571,0
2023-05-15,BEV-04,Beverages,581,0
2023-05-22,BEV-04,Beverages,804,0
2023-05-29,BEV-04,Beverages,489,0
2023-06-05,BEV-04,Beverages,565,0
2023-06-12,BEV-04,Beverages,750,0
2023-06-19,BEV-04,Beverages,620,0
2023-06-26,BEV-04,Beverages,617,0
2023-07-03,BEV-04,Beverages,567,0
2023-07-10,BEV-04,Beverages,569,0
2023-07-17,BEV-04,Beverages,590,0
2023-07-24,BEV-04,Beverages,460,0
2023-07-31,BEV-04,Beverages,567,0
2023-08-07,BEV-04,Beverages,403,0
2023-08-14,BEV-04,Beverages,499,0
2023-08-21,BEV-04,Beverages,478,0
2023-08-28,BEV-04,Beverages,420,0
2023-09-04,BEV-04,Beverages,449,0
2023-09-11,BEV-04,Beverages,407,0
2023-09-18,BEV-04,Beverages,377,0
2023-09-25,BEV-04,Beverages,413,0
2023-10-02,BEV-04,Beverages,368,0
2023-10-09,BEV-04,Beverages,445,0
2023-10-16,BEV-04,Beverages,357,0
2023-10-23,BEV-04,Beverages,458,0
2023-10-30,BEV-04,Beverages,346,0
2023-11-06,BEV-04,Beverages,371,0
2023-11-13,BEV-04,Beverages,360,0
2023-11-20,BEV-04,Beverages,464,0
2023-11-27,BEV-04,Beverages,394,0
2023-12-04,BEV-04,Beverages,357,0
2023-12-11,BEV-04,Beverages,386,0
2023-12-18,BEV-04,Beverages,262,0
2023-12-25,BEV-04,Beverages,345,0
2024-01-01,BEV-04,Beverages,455,0
2024-01-08,BEV-04,Beverages,350,0
2024-01-15,BEV-04,Beverages,350,0
2024-01-22,BEV-04,Beverages,381,0
2024-01-29,BEV-04,Beverages,411,0
2024-02-05,BEV-04,Beverages,285,0
2024-02-12,BEV-04,Beverages,312,0
2024-02-19,BEV-04,Beverages,428,0
2024-02-26,BEV-04,Beverages,398,0
2024-03-04,BEV-04,Beverages,562,0
2024-03-11,BEV-04,Beverages,475,0
2024-03-18,BEV-04,Beverages,401,0
2024-03-25,BEV-04,Beverages,466,0
2024-04-01,BEV-04,Beverages,399,0
2024-04-08,BEV-04,Beverages,595,0
2024-04-15,BEV-04,Beverages,624,0
2024-04-22,BEV-04,Beverages,820,1
2024-04-29,BEV-04,Beverages,794,0
2024-05-06,BEV-04,Beverages,826,0
2024-05-13,BEV-04,Beverages,692,0
2024-05-20,BEV-04,Beverages,530,0
2024-05-27,BEV-04,Beverages,1196,1
2024-06-03,BEV-04,Beverages,771,0
2024-06-10,BEV-04,Beverages,738,0
2024-06-17,BEV-04,Beverages,1079,1
2024-06-24,BEV-04,Beverages,581,0
2024-07-01,BEV-04,Beverages,886,0
2024-07-08,BEV-04,Beverages,720,1
2024-07-15,BEV-04,Beverages,705,0
2024-07-22,BEV-04,Beverages,488,0
2024-07-29,BEV-04,Beverages,528,0
2024-08-05,BEV-04,Beverages,724,0
2024-08-12,BEV-04,Beverages,551,0
2024-08-19,BEV-04,Beverages,629,0
2024-08-26,BEV-04,Beverages,567,0
2024-09-02,BEV-04,Beverages,531,0
2024-09-09,BEV-04,Beverages,643,0
2024-09-16,BEV-04,Beverages,508,0
2024-09-23,BEV-04,Beverages,481,1
2024-09-30,BEV-04,Beverages,459,0
2024-10-07,BEV-04,Beverages,549,0
2024-10-14,BEV-04,Beverages,531,0
2024-10-21,BEV-04,Beverages,398,0
2024-10-28,BEV-04,Beverages,442,0
2024-11-04,BEV-04,Beverages,443,0
2024-11-11,BEV-04,Beverages,448,0
2024-11-18,BEV-04,Beverages,381,0
2024-11-25,BEV-04,Beverages,413,0
2024-12-02,BEV-04,Beverages,398,0
2024-12-09,BEV-04,Beverages,480,0
2024-12-16,BEV-04,Beverages,473,0
2024-12-23,BEV-04,Beverages,407,0
2022-01-03,BEV-05,Beverages,54,0
2022-01-10,BEV-05,Beverages,32,0
2022-01-17,BEV-05,Beverages,156,0
2022-01-24,BEV-05,Beverages,503,1
2022-01-31,BEV-05,Beverages,233,0
2022-02-07,BEV-05,Beverages,34,0
2022-02-14,BEV-05,Beverages,149,0
2022-02-21,BEV-05,Beverages,232,0
2022-02-28,BEV-05,Beverages,73,0
2022-03-07,BEV-05,Beverages,107,0
2022-03-14,BEV-05,Beverages,30,0
2022-03-21,BEV-05,Beverages,128,0
2022-03-28,BEV-05,Beverages,59,0
2022-04-04,BEV-05,Beverages,137,0
2022-04-11,BEV-05,Beverages,48,0
2022-04-18,BEV-05,Beverages,189,0
2022-04-25,BEV-05,Beverages,269,0
2022-05-02,BEV-05,Beverages,91,0
2022-05-09,BEV-05,Beverages,77,0
2022-05-16,BEV-05,Beverages,42,0
2022-05-23,BEV-05,Beverages,196,1
2022-05-30,BEV-05,Beverages,120,0
2022-06-06,BEV-05,Beverages,67,0
2022-06-13,BEV-05,Beverages,238,0
2022-06-20,BEV-05,Beverages,136,0
2022-06-27,BEV-05,Beverages,93,0
2022-07-04,BEV-05,Beverages,128,0
2022-07-11,BEV-05,Beverages,348,0
2022-07-18,BEV-05,Beverages,256,0
2022-07-25,BEV-05,Beverages,159,0
2022-08-01,BEV-05,Beverages,248,0
2022-08-08,BEV-05,Beverages,79,0
2022-08-15,BEV-05,Beverages,163,0
2022-08-22,BEV-05,Beverages,169,0
2022-08-29,BEV-05,Beverages,112,0
2022-09-05,BEV-05,Beverages,191,0
2022-09-12,BEV-05,Beverages,87,0
2022-09-19,BEV-05,Beverages,189,0
2022-09-26,BEV-05,Beverages,290,1
2022-10-03,BEV-05,Beverages,21,0
2022-10-10,BEV-05,Beverages,272,0
2022-10-17,BEV-05,Beverages,31,1
2022-10-24,BEV-05,Beverages,85,0
2022-10-31,BEV-05,Beverages,234,0
2022-11-07,BEV-05,Beverages,100,0
2022-11-14,BEV-05,Beverages,62,1
2022-11-21,BEV-05,Beverages,60,0
2022-11-28,BEV-05,Beverages,221,0
2022-12-05,BEV-05,Beverages,34,0
2022-12-12,BEV-05,Beverages,226,0
2022-12-19,BEV-05,Beverages,106,0
2022-12-26,BEV-05,Beverages,51,0
2023-01-02,BEV-05,Beverages,72,0
2023-01-09,BEV-05,Beverages,65,1
2023-01-16,BEV-05,Beverages,170,0
2023-01-23,BEV-05,Beverages,153,0
2023-01-30,BEV-05,Beverages,33,0
2023-02-06,BEV-05,Beverages,73,0
2023-02-13,BEV-05,Beverages,55,0
2023-02-20,BEV-05,Beverages,212,0
2023-02-27,BEV-05,Beverages,41,0
2023-03-06,BEV-05,Beverages,269,0
2023-03-13,BEV-05,Beverages,100,0
2023-03-20,BEV-05,Beverages,52,0
2023-03-27,BEV-05,Beverages,74,0
2023-04-03,BEV-05,Beverages,72,0
2023-04-10,BEV-05,Beverages,56,0
2023-04-17,BEV-05,Beverages,140,0
2023-04-24,BEV-05,Beverages,65,0
2023-05-01,BEV-05,Beverages,38,0
2023-05-08,BEV-05,Beverages,121,0
2023-05-15,BEV-05,Beverages,52,0
2023-05-22,BEV-05,Beverages,104,0
2023-05-29,BEV-05,Beverages,97,0
2023-06-05,BEV-05,Beverages,101,0
2023-06-12,BEV-05,Beverages,871,1
2023-06-19,BEV-05,Beverages,186,0
2023-06-26,BEV-05,Beverages,209,0
2023-07-03,BEV-05,Beverages,59,0
2023-07-10,BEV-05,Beverages,118,0
2023-07-17,BEV-05,Beverages,200,0
2023-07-24,BEV-05,Beverages,91,0
2023-07-31,BEV-05,Beverages,296,0
2023-08-07,BEV-05,Beverages,102,1
2023-08-14,BEV-05,Beverages,133,0
2023-08-21,BEV-05,Beverages,107,0
2023-08-28,BEV-05,Beverages,166,0
2023-09-04,BEV-05,Beverages,97,0
2023-09-11,BEV-05,Beverages,119,0
2023-09-18,BEV-05,Beverages,119,0
2023-09-25,BEV-05,Beverages,85,0
2023-10-02,BEV-05,Beverages,177,0
2023-10-09,BEV-05,Beverages,149,0
2023-10-16,BEV-05,Beverages,120,0
2023-10-23,BEV-05,Beverages,95,0
2023-10-30,BEV-05,Beverages,202,0
2023-11-06,BEV-05,Beverages,105,0
2023-11-13,BEV-05,Beverages,99,0
2023-11-20,BEV-05,Beverages,126,0
2023-11-27,BEV-05,Beverages,334,0
2023-12-04,BEV-05,Beverages,49,0
2023-12-11,BEV-05,Beverages,180,0
2023-12-18,BEV-05,Beverages,33,0
2023-12-25,BEV-05,Beverages,122,0
2024-01-01,BEV-05,Beverages,277,0
2024-01-08,BEV-05,Beverages,137,0
2024-01-15,BEV-05,Beverages,110,0
2024-01-22,BEV-05,Beverages,68,0
2024-01-29,BEV-05,Beverages,96,0
2024-02-05,BEV-05,Beverages,80,0
2024-02-12,BEV-05,Beverages,57,0
2024-02-19,BEV-05,Beverages,78,0
2024-02-26,BEV-05,Beverages,108,0
2024-03-04,BEV-05,Beverages,60,0
2024-03-11,BEV-05,Beverages,61,0
2024-03-18,BEV-05,Beverages,45,0
2024-03-25,BEV-05,Beverages,141,0
2024-04-01,BEV-05,Beverages,190,1
2024-04-08,BEV-05,Beverages,142,0
2024-04-15,BEV-05,Beverages,237,0
2024-04-22,BEV-05,Beverages,145,0
2024-04-29,BEV-05,Beverages,184,0
2024-05-06,BEV-05,Beverages,183,0
2024-05-13,BEV-05,Beverages,149,0
2024-05-20,BEV-05,Beverages,117,0
2024-05-27,BEV-05,Beverages,671,0
2024-06-03,BEV-05,Beverages,130,0
2024-06-10,BEV-05,Beverages,116,0
2024-06-17,BEV-05,Beverages,233,0
2024-06-24,BEV-05,Beverages,208,0
2024-07-01,BEV-05,Beverages,74,0
2024-07-08,BEV-05,Beverages,355,0
2024-07-15,BEV-05,Beverages,164,0
2024-07-22,BEV-05,Beverages,85,0
2024-07-29,BEV-05,Beverages,351,0
2024-08-05,BEV-05,Beverages,241,0
2024-08-12,BEV-05,Beverages,72,0
2024-08-19,BEV-05,Beverages,466,0
2024-08-26,BEV-05,Beverages,225,0
2024-09-02,BEV-05,Beverages,144,0
2024-09-09,BEV-05,Beverages,379,0
2024-09-16,BEV-05,Beverages,151,0
2024-09-23,BEV-05,Beverages,131,0
2024-09-30,BEV-05,Beverages,86,0
2024-10-07,BEV-05,Beverages,184,0
2024-10-14,BEV-05,Beverages,169,0
2024-10-21,BEV-05,Beverages,125,0
2024-10-28,BEV-05,Beverages,75,0
2024-11-04,BEV-05,Beverages,131,0
2024-11-11,BEV-05,Beverages,114,0
2024-11-18,BEV-05,Beverages,51,0
2024-11-25,BEV-05,Beverages,46,0
2024-12-02,BEV-05,Beverages,190,1
2024-12-09,BEV-05,Beverages,22,0
2024-12-16,BEV-05,Beverages,123,0
2024-12-23,BEV-05,Beverages,79,0
2022-01-03,BEV-06,Beverages,408,0
2022-01-10,BEV-06,Beverages,423,1
2022-01-17,BEV-06,Beverages,851,0
2022-01-24,BEV-06,Beverages,634,0
2022-01-31,BEV-06,Beverages,631,0
2022-02-07,BEV-06,Beverages,653,0
2022-02-14,BEV-06,Beverages,521,0
2022-02-21,BEV-06,Beverages,612,0
2022-02-28,BEV-06,Beverages,493,1
2022-03-07,BEV-06,Beverages,252,0
2022-03-14,BEV-06,Beverages,727,0
2022-03-21,BEV-06,Beverages,832,0
2022-03-28,BEV-06,Beverages,2082,1
2022-04-04,BEV-06,Beverages,1578,0
2022-04-11,BEV-06,Beverages,1650,0
2022-04-18,BEV-06,Beverages,573,0
2022-04-25,BEV-06,Beverages,779,0
2022-05-02,BEV-06,Beverages,1140,0
2022-05-09,BEV-06,Beverages,2784,0
2022-05-16,BEV-06,Beverages,1795,0
2022-05-23,BEV-06,Beverages,1544,0
2022-05-30,BEV-06,Beverages,809,0
2022-06-06,BEV-06,Beverages,816,1
2022-06-13,BEV-06,Beverages,1305,0
2022-06-20,BEV-06,Beverages,571,0
2022-06-27,BEV-06,Beverages,806,0
2022-07-04,BEV-06,Beverages,997,1
2022-07-11,BEV-06,Beverages,1664,0
2022-07-18,BEV-06,Beverages,703,0
2022-07-25,BEV-06,Beverages,280,0
2022-08-01,BEV-06,Beverages,955,0
2022-08-08,BEV-06,Beverages,555,0
2022-08-15,BEV-06,Beverages,742,0
2022-08-22,BEV-06,Beverages,686,0
2022-08-29,BEV-06,Beverages,621,0
2022-09-05,BEV-06,Beverages,960,0
2022-09-12,BEV-06,Beverages,351,0
2022-09-19,BEV-06,Beverages,534,0
2022-09-26,BEV-06,Beverages,880,0
2022-10-03,BEV-06,Beverages,499,0
2022-10-10,BEV-06,Beverages,322,0
2022-10-17,BEV-06,Beverages,839,0
2022-10-24,BEV-06,Beverages,1002,0
2022-10-31,BEV-06,Beverages,597,0
2022-11-07,BEV-06,Beverages,258,0
2022-11-14,BEV-06,Beverages,786,0
2022-11-21,BEV-06,Beverages,430,1
2022-11-28,BEV-06,Beverages,629,0
2022-12-05,BEV-06,Beverages,367,0
2022-12-12,BEV-06,Beverages,319,0
2022-12-19,BEV-06,Beverages,424,0
2022-12-26,BEV-06,Beverages,466,0
2023-01-02,BEV-06,Beverages,380,0
2023-01-09,BEV-06,Beverages,644,0
2023-01-16,BEV-06,Beverages,420,0
2023-01-23,BEV-06,Beverages,790,0
2023-01-30,BEV-06,Beverages,608,0
2023-02-06,BEV-06,Beverages,419,0
2023-02-13,BEV-06,Beverages,411,0
2023-02-20,BEV-06,Beverages,313,0
2023-02-27,BEV-06,Beverages,762,0
2023-03-06,BEV-06,Beverages,617,0
2023-03-13,BEV-06,Beverages,278,0
2023-03-20,BEV-06,Beverages,648,0
2023-03-27,BEV-06,Beverages,587,0
2023-04-03,BEV-06,Beverages,1781,0
2023-04-10,BEV-06,Beverages,460,0
2023-04-17,BEV-06,Beverages,535,0
2023-04-24,BEV-06,Beverages,1645,0
2023-05-01,BEV-06,Beverages,1875,0
2023-05-08,BEV-06,Beverages,779,0
2023-05-15,BEV-06,Beverages,827,0
2023-05-22,BEV-06,Beverages,1415,0
2023-05-29,BEV-06,Beverages,402,0
2023-06-05,BEV-06,Beverages,486,0
2023-06-12,BEV-06,Beverages,942,0
2023-06-19,BEV-06,Beverages,2019,0
2023-06-26,BEV-06,Beverages,845,0
2023-07-03,BEV-06,Beverages,1035,0
2023-07-10,BEV-06,Beverages,1563,0
2023-07-17,BEV-06,Beverages,2297,0
2023-07-24,BEV-06,Beverages,708,0
2023-07-31,BEV-06,Beverages,873,0
2023-08-07,BEV-06,Beverages,1860,0
2023-08-14,BEV-06,Beverages,434,0
2023-08-21,BEV-06,Beverages,1260,0
2023-08-28,BEV-06,Beverages,515,0
2023-09-04,BEV-06,Beverages,816,0
2023-09-11,BEV-06,Beverages,693,0
2023-09-18,BEV-06,Beverages,503,0
2023-09-25,BEV-06,Beverages,492,0
2023-10-02,BEV-06,Beverages,831,0
2023-10-09,BEV-06,Beverages,1115,0
2023-10-16,BEV-06,Beverages,680,0
2023-10-23,BEV-06,Beverages,729,0
2023-10-30,BEV-06,Beverages,886,0
2023-11-06,BEV-06,Beverages,449,0
2023-11-13,BEV-06,Beverages,910,0
2023-11-20,BEV-06,Beverages,917,0
2023-11-27,BEV-06,Beverages,1912,0
2023-12-04,BEV-06,Beverages,521,0
2023-12-11,BEV-06,Beverages,491,0
2023-12-18,BEV-06,Beverages,810,0
2023-12-25,BEV-06,Beverages,814,0
2024-01-01,BEV-06,Beverages,452,0
2024-01-08,BEV-06,Beverages,479,0
2024-01-15,BEV-06,Beverages,724,0
2024-01-22,BEV-06,Beverages,413,0
2024-01-29,BEV-06,Beverages,510,0
2024-02-05,BEV-06,Beverages,660,0
2024-02-12,BEV-06,Beverages,1025,0
2024-02-19,BEV-06,Beverages,549,0
2024-02-26,BEV-06,Beverages,344,0
2024-03-04,BEV-06,Beverages,356,0
2024-03-11,BEV-06,Beverages,503,0
2024-03-18,BEV-06,Beverages,523,0
2024-03-25,BEV-06,Beverages,908,0
2024-04-01,BEV-06,Beverages,616,0
2024-04-08,BEV-06,Beverages,795,0
2024-04-15,BEV-06,Beverages,804,0
2024-04-22,BEV-06,Beverages,959,0
2024-04-29,BEV-06,Beverages,2091,0
2024-05-06,BEV-06,Beverages,1609,0
2024-05-13,BEV-06,Beverages,1237,0
2024-05-20,BEV-06,Beverages,1015,0
2024-05-27,BEV-06,Beverages,1026,0
2024-06-03,BEV-06,Beverages,1410,0
2024-06-10,BEV-06,Beverages,1553,0
2024-06-17,BEV-06,Beverages,807,0
2024-06-24,BEV-06,Beverages,1180,0
2024-07-01,BEV-06,Beverages,476,0
2024-07-08,BEV-06,Beverages,1204,0
2024-07-15,BEV-06,Beverages,1478,0
2024-07-22,BEV-06,Beverages,919,0
2024-07-29,BEV-06,Beverages,2181,0
2024-08-05,BEV-06,Beverages,670,0
2024-08-12,BEV-06,Beverages,1042,0
2024-08-19,BEV-06,Beverages,913,0
2024-08-26,BEV-06,Beverages,869,0
2024-09-02,BEV-06,Beverages,1138,1
2024-09-09,BEV-06,Beverages,917,0
2024-09-16,BEV-06,Beverages,1240,0
2024-09-23,BEV-06,Beverages,1534,0
2024-09-30,BEV-06,Beverages,841,0
2024-10-07,BEV-06,Beverages,1176,0
2024-10-14,BEV-06,Beverages,607,0
2024-10-21,BEV-06,Beverages,1118,0
2024-10-28,BEV-06,Beverages,572,0
2024-11-04,BEV-06,Beverages,1234,0
2024-11-11,BEV-06,Beverages,1945,0
2024-11-18,BEV-06,Beverages,700,0
2024-11-25,BEV-06,Beverages,282,0
2024-12-02,BEV-06,Beverages,553,0
2024-12-09,BEV-06,Beverages,1152,0
2024-12-16,BEV-06,Beverages,843,0
2024-12-23,BEV-06,Beverages,727,0
2022-01-03,BEV-07,Beverages,30,0
2022-01-10,BEV-07,Beverages,45,1
2022-01-17,BEV-07,Beverages,32,0
2022-01-24,BEV-07,Beverages,29,0
2022-01-31,BEV-07,Beverages,25,0
2022-02-07,BEV-07,Beverages,41,0
2022-02-14,BEV-07,Beverages,42,0
2022-02-21,BEV-07,Beverages,45,0
2022-02-28,BEV-07,Beverages,29,0
2022-03-07,BEV-07,Beverages,45,0
2022-03-14,BEV-07,Beverages,51,0
2022-03-21,BEV-07,Beverages,38,0
2022-03-28,BEV-07,Beverages,50,0
2022-04-04,BEV-07,Beverages,51,0
2022-04-11,BEV-07,Beverages,80,0
2022-04-18,BEV-07,Beverages,85,0
2022-04-25,BEV-07,Beverages,41,0
2022-05-02,BEV-07,Beverages,101,0
2022-05-09,BEV-07,Beverages,51,0
2022-05-16,BEV-07,Beverages,76,0
2022-05-23,BEV-07,Beverages,76,0
2022-05-30,BEV-07,Beverages,51,0
2022-06-06,BEV-07,Beverages,69,0
2022-06-13,BEV-07,Beverages,60,0
2022-06-20,BEV-07,Beverages,67,0
2022-06-27,BEV-07,Beverages,62,0
2022-07-04,BEV-07,Beverages,73,0
2022-07-11,BEV-07,Beverages,57,0
2022-07-18,BEV-07,Beverages,52,0
2022-07-25,BEV-07,Beverages,66,0
2022-08-01,BEV-07,Beverages,57,0
2022-08-08,BEV-07,Beverages,57,0
2022-08-15,BEV-07,Beverages,42,0
2022-08-22,BEV-07,Beverages,37,0
2022-08-29,BEV-07,Beverages,63,1
2022-09-05,BEV-07,Beverages,39,0
2022-09-12,BEV-07,Beverages,51,0
2022-09-19,BEV-07,Beverages,52,0
2022-09-26,BEV-07,Beverages,41,0
2022-10-03,BEV-07,Beverages,56,0
2022-10-10,BEV-07,Beverages,54,0
2022-10-17,BEV-07,Beverages,42,0
2022-10-24,BEV-07,Beverages,33,0
2022-10-31,BEV-07,Beverages,54,0
2022-11-07,BEV-07,Beverages,38,0
2022-11-14,BEV-07,Beverages,38,0
2022-11-21,BEV-07,Beverages,34,0
2022-11-28,BEV-07,Beverages,29,0
2022-12-05,BEV-07,Beverages,25,0
2022-12-12,BEV-07,Beverages,38,0
2022-12-19,BEV-07,Beverages,28,0
2022-12-26,BEV-07,Beverages,60,0
2023-01-02,BEV-07,Beverages,25,0
2023-01-09,BEV-07,Beverages,24,0
2023-01-16,BEV-07,Beverages,35,0
2023-01-23,BEV-07,Beverages,43,0
2023-01-30,BEV-07,Beverages,33,0
2023-02-06,BEV-07,Beverages,37,0
2023-02-13,BEV-07,Beverages,23,0
2023-02-20,BEV-07,Beverages,46,1
2023-02-27,BEV-07,Beverages,30,0
2023-03-06,BEV-07,Beverages,27,0
2023-03-13,BEV-07,Beverages,44,0
2023-03-20,BEV-07,Beverages,28,0
2023-03-27,BEV-07,Beverages,36,0
2023-04-03,BEV-07,Beverages,45,0
2023-04-10,BEV-07,Beverages,44,0
2023-04-17,BEV-07,Beverages,59,0
2023-04-24,BEV-07,Beverages,60,0
2023-05-01,BEV-07,Beverages,69,0
2023-05-08,BEV-07,Beverages,69,0
2023-05-15,BEV-07,Beverages,76,0
2023-05-22,BEV-07,Beverages,60,0
2023-05-29,BEV-07,Beverages,64,0
2023-06-05,BEV-07,Beverages,66,0
2023-06-12,BEV-07,Beverages,61,0
2023-06-19,BEV-07,Beverages,53,0
2023-06-26,BEV-07,Beverages,53,0
2023-07-03,BEV-07,Beverages,47,0
2023-07-10,BEV-07,Beverages,59,0
2023-07-17,BEV-07,Beverages,51,0
2023-07-24,BEV-07,Beverages,44,0
2023-07-31,BEV-07,Beverages,43,0
2023-08-07,BEV-07,Beverages,37,0
2023-08-14,BEV-07,Beverages,57,0
2023-08-21,BEV-07,Beverages,46,0
2023-08-28,BEV-07,Beverages,37,0
2023-09-04,BEV-07,Beverages,51,0
2023-09-11,BEV-07,Beverages,37,0
2023-09-18,BEV-07,Beverages,31,0
2023-09-25,BEV-07,Beverages,50,0
2023-10-02,BEV-07,Beverages,36,0
2023-10-09,BEV-07,Beverages,36,0
2023-10-16,BEV-07,Beverages,39,0
2023-10-23,BEV-07,Beverages,49,0
2023-10-30,BEV-07,Beverages,38,0
2023-11-06,BEV-07,Beverages,29,0
2023-11-13,BEV-07,Beverages,57,1
2023-11-20,BEV-07,Beverages,32,0
2023-11-27,BEV-07,Beverages,51,0
2023-12-04,BEV-07,Beverages,33,0
2023-12-11,BEV-07,Beverages,29,1
2023-12-18,BEV-07,Beverages,34,0
2023-12-25,BEV-07,Beverages,46,0
2024-01-01,BEV-07,Beverages,42,0
2024-01-08,BEV-07,Beverages,44,0
2024-01-15,BEV-07,Beverages,24,0
2024-01-22,BEV-07,Beverages,37,0
2024-01-29,BEV-07,Beverages,26,0
2024-02-05,BEV-07,Beverages,33,0
2024-02-12,BEV-07,Beverages,25,0
2024-02-19,BEV-07,Beverages,30,0
2024-02-26,BEV-07,Beverages,31,0
2024-03-04,BEV-07,Beverages,46,0
2024-03-11,BEV-07,Beverages,57,1
2024-03-18,BEV-07,Beverages,45,0
2024-03-25,BEV-07,Beverages,34,0
2024-04-01,BEV-07,Beverages,45,0
2024-04-08,BEV-07,Beverages,43,0
2024-04-15,BEV-07,Beverages,62,0
2024-04-22,BEV-07,Beverages,69,0
2024-04-29,BEV-07,Beverages,105,1
2024-05-06,BEV-07,Beverages,48,0
2024-05-13,BEV-07,Beverages,32,0
2024-05-20,BEV-07,Beverages,40,0
2024-05-27,BEV-07,Beverages,78,0
2024-06-03,BEV-07,Beverages,53,0
2024-06-10,BEV-07,Beverages,49,0
2024-06-17,BEV-07,Beverages,79,0
2024-06-24,BEV-07,Beverages,72,0
2024-07-01,BEV-07,Beverages,54,0
2024-07-08,BEV-07,Beverages,49,0
2024-07-15,BEV-07,Beverages,49,0
2024-07-22,BEV-07,Beverages,51,0
2024-07-29,BEV-07,Beverages,66,0
2024-08-05,BEV-07,Beverages,50,0
2024-08-12,BEV-07,Beverages,52,0
2024-08-19,BEV-07,Beverages,55,0
2024-08-26,BEV-07,Beverages,33,0
2024-09-02,BEV-07,Beverages,64,1
2024-09-09,BEV-07,Beverages,38,0
2024-09-16,BEV-07,Beverages,24,0
2024-09-23,BEV-07,Beverages,35,1
2024-09-30,BEV-07,Beverages,31,0
2024-10-07,BEV-07,Beverages,43,0
2024-10-14,BEV-07,Beverages,38,0
2024-10-21,BEV-07,Beverages,38,0
2024-10-28,BEV-07,Beverages,55,0
2024-11-04,BEV-07,Beverages,37,1
2024-11-11,BEV-07,Beverages,35,0
2024-11-18,BEV-07,Beverages,36,0
2024-11-25,BEV-07,Beverages,28,0
2024-12-02,BEV-07,Beverages,32,0
2024-12-09,BEV-07,Beverages,22,0
2024-12-16,BEV-07,Beverages,41,0
2024-12-23,BEV-07,Beverages,39,1
2022-01-03,BEV-08,Beverages,110,0
2022-01-10,BEV-08,Beverages,178,0
2022-01-17,BEV-08,Beverages,140,0
2022-01-24,BEV-08,Beverages,103,0
2022-01-31,BEV-08,Beverages,159,0
2022-02-07,BEV-08,Beverages,100,0
2022-02-14,BEV-08,Beverages,154,0
2022-02-21,BEV-08,Beverages,91,0
2022-02-28,BEV-08,Beverages,167,0
2022-03-07,BEV-08,Beverages,123,0
2022-03-14,BEV-08,Beverages,111,0
2022-03-21,BEV-08,Beverages,141,0
2022-03-28,BEV-08,Beverages,166,0
2022-04-04,BEV-08,Beverages,197,1
2022-04-11,BEV-08,Beverages,334,1
2022-04-18,BEV-08,Beverages,155,0
2022-04-25,BEV-08,Beverages,213,0
2022-05-02,BEV-08,Beverages,211,0
2022-05-09,BEV-08,Beverages,193,0
2022-05-16,BEV-08,Beverages,180,0
2022-05-23,BEV-08,Beverages,210,0
2022-05-30,BEV-08,Beverages,233,0
2022-06-06,BEV-08,Beverages,334,0
2022-06-13,BEV-08,Beverages,256,0
2022-06-20,BEV-08,Beverages,256,0
2022-06-27,BEV-08,Beverages,415,0
2022-07-04,BEV-08,Beverages,223,0
2022-07-11,BEV-08,Beverages,217,0
2022-07-18,BEV-08,Beverages,223,0
2022-07-25,BEV-08,Beverages,146,0
2022-08-01,BEV-08,Beverages,162,0
2022-08-08,BEV-08,Beverages,155,0
2022-08-15,BEV-08,Beverages,198,0
2022-08-22,BEV-08,Beverages,159,0
2022-08-29,BEV-08,Beverages,167,0
2022-09-05,BEV-08,Beverages,205,0
2022-09-12,BEV-08,Beverages,190,0
2022-09-19,BEV-08,Beverages,147,0
2022-09-26,BEV-08,Beverages,129,0
2022-10-03,BEV-08,Beverages,194,0
2022-10-10,BEV-08,Beverages,176,0
2022-10-17,BEV-08,Beverages,99,0
2022-10-24,BEV-08,Beverages,133,0
2022-10-31,BEV-08,Beverages,147,0
2022-11-07,BEV-08,Beverages,167,0
2022-11-14,BEV-08,Beverages,170,0
2022-11-21,BEV-08,Beverages,144,0
2022-11-28,BEV-08,Beverages,151,0
2022-12-05,BEV-08,Beverages,131,0
2022-12-12,BEV-08,Beverages,108,0
2022-12-19,BEV-08,Beverages,116,0
2022-12-26,BEV-08,Beverages,122,0
2023-01-02,BEV-08,Beverages,118,0
2023-01-09,BEV-08,Beverages,75,0
2023-01-16,BEV-08,Beverages,105,0
2023-01-23,BEV-08,Beverages,117,0
2023-01-30,BEV-08,Beverages,108,0
2023-02-06,BEV-08,Beverages,110,0
2023-02-13,BEV-08,Beverages,133,0
2023-02-20,BEV-08,Beverages,95,0
2023-02-27,BEV-08,Beverages,86,0
2023-03-06,BEV-08,Beverages,122,0
2023-03-13,BEV-08,Beverages,165,0
2023-03-20,BEV-08,Beverages,215,0
2023-03-27,BEV-08,Beverages,182,0
2023-04-03,BEV-08,Beverages,113,0
2023-04-10,BEV-08,Beverages,158,0
2023-04-17,BEV-08,Beverages,184,0
2023-04-24,BEV-08,Beverages,188,0
2023-05-01,BEV-08,Beverages,212,0
2023-05-08,BEV-08,Beverages,155,0
2023-05-15,BEV-08,Beverages,199,0
2023-05-22,BEV-08,Beverages,220,0
2023-05-29,BEV-08,Beverages,245,0
2023-06-05,BEV-08,Beverages,168,0
2023-06-12,BEV-08,Beverages,187,0
2023-06-19,BEV-08,Beverages,107,0
2023-06-26,BEV-08,Beverages,206,1
2023-07-03,BEV-08,Beverages,173,0
2023-07-10,BEV-08,Beverages,151,0
2023-07-17,BEV-08,Beverages,195,0
2023-07-24,BEV-08,Beverages,180,0
2023-07-31,BEV-08,Beverages,105,0
2023-08-07,BEV-08,Beverages,182,0
2023-08-14,BEV-08,Beverages,136,0
2023-08-21,BEV-08,Beverages,184,0
2023-08-28,BEV-08,Beverages,119,0
2023-09-04,BEV-08,Beverages,158,0
2023-09-11,BEV-08,Beverages,193,1
2023-09-18,BEV-08,Beverages,162,0
2023-09-25,BEV-08,Beverages,153,0
2023-10-02,BEV-08,Beverages,138,0
2023-10-09,BEV-08,Beverages,101,0
2023-10-16,BEV-08,Beverages,101,0
2023-10-23,BEV-08,Beverages,123,0
2023-10-30,BEV-08,Beverages,139,0
2023-11-06,BEV-08,Beverages,119,0
2023-11-13,BEV-08,Beverages,157,0
2023-11-20,BEV-08,Beverages,125,0
2023-11-27,BEV-08,Beverages,104,0
2023-12-04,BEV-08,Beverages,120,0
2023-12-11,BEV-08,Beverages,132,0
2023-12-18,BEV-08,Beverages,132,0
2023-12-25,BEV-08,Beverages,186,0
2024-01-01,BEV-08,Beverages,100,0
2024-01-08,BEV-08,Beverages,113,0
2024-01-15,BEV-08,Beverages,126,0
2024-01-22,BEV-08,Beverages,113,0
2024-01-29,BEV-08,Beverages,101,0
2024-02-05,BEV-08,Beverages,80,0
2024-02-12,BEV-08,Beverages,104,0
2024-02-19,BEV-08,Beverages,93,0
2024-02-26,BEV-08,Beverages,83,0
2024-03-04,BEV-08,Beverages,107,0
2024-03-11,BEV-08,Beverages,105,0
2024-03-18,BEV-08,Beverages,162,0
2024-03-25,BEV-08,Beverages,170,0
2024-04-01,BEV-08,Beverages,126,0
2024-04-08,BEV-08,Beverages,153,0
2024-04-15,BEV-08,Beverages,110,0
2024-04-22,BEV-08,Beverages,157,0
2024-04-29,BEV-08,Beverages,200,0
2024-05-06,BEV-08,Beverages,228,0
2024-05-13,BEV-08,Beverages,163,0
2024-05-20,BEV-08,Beverages,405,1
2024-05-27,BEV-08,Beverages,139,0
2024-06-03,BEV-08,Beverages,149,0
2024-06-10,BEV-08,Beverages,273,1
2024-06-17,BEV-08,Beverages,293,0
2024-06-24,BEV-08,Beverages,220,0
2024-07-01,BEV-08,Beverages,191,0
2024-07-08,BEV-08,Beverages,113,0
2024-07-15,BEV-08,Beverages,115,0
2024-07-22,BEV-08,Beverages,186,0
2024-07-29,BEV-08,Beverages,162,0
2024-08-05,BEV-08,Beverages,132,0
2024-08-12,BEV-08,Beverages,169,0
2024-08-19,BEV-08,Beverages,167,0
2024-08-26,BEV-08,Beverages,198,0
2024-09-02,BEV-08,Beverages,160,0
2024-09-09,BEV-08,Beverages,202,0
2024-09-16,BEV-08,Beverages,149,0
2024-09-23,BEV-08,Beverages,197,1
2024-09-30,BEV-08,Beverages,185,0
2024-10-07,BEV-08,Beverages,113,0
2024-10-14,BEV-08,Beverages,272,0
2024-10-21,BEV-08,Beverages,152,0
2024-10-28,BEV-08,Beverages,150,0
2024-11-04,BEV-08,Beverages,153,0
2024-11-11,BEV-08,Beverages,207,0
2024-11-18,BEV-08,Beverages,158,0
2024-11-25,BEV-08,Beverages,89,0
2024-12-02,BEV-08,Beverages,175,0
2024-12-09,BEV-08,Beverages,114,0
2024-12-16,BEV-08,Beverages,124,0
2024-12-23,BEV-08,Beverages,88,0
2022-01-03,BEV-09,Beverages,349,0
2022-01-10,BEV-09,Beverages,226,0
2022-01-17,BEV-09,Beverages,202,0
2022-01-24,BEV-09,Beverages,224,0
2022-01-31,BEV-09,Beverages,285,0
2022-02-07,BEV-09,Beverages,222,0
2022-02-14,BEV-09,Beverages,211,0
2022-02-21,BEV-09,Beverages,235,0
2022-02-28,BEV-09,Beverages,185,0
2022-03-07,BEV-09,Beverages,302,0
2022-03-14,BEV-09,Beverages,181,0
2022-03-21,BEV-09,Beverages,274,0
2022-03-28,BEV-09,Beverages,401,0
2022-04-04,BEV-09,Beverages,380,0
2022-04-11,BEV-09,Beverages,437,0
2022-04-18,BEV-09,Beverages,391,0
2022-04-25,BEV-09,Beverages,814,1
2022-05-02,BEV-09,Beverages,563,0
2022-05-09,BEV-09,Beverages,520,0
2022-05-16,BEV-09,Beverages,611,0
2022-05-23,BEV-09,Beverages,601,0
2022-05-30,BEV-09,Beverages,451,0
2022-06-06,BEV-09,Beverages,361,0
2022-06-13,BEV-09,Beverages,576,0
2022-06-20,BEV-09,Beverages,596,0
2022-06-27,BEV-09,Beverages,683,0
2022-07-04,BEV-09,Beverages,398,0
2022-07-11,BEV-09,Beverages,394,0
2022-07-18,BEV-09,Beverages,550,0
2022-07-25,BEV-09,Beverages,466,0
2022-08-01,BEV-09,Beverages,282,0
2022-08-08,BEV-09,Beverages,493,0
2022-08-15,BEV-09,Beverages,267,0
2022-08-22,BEV-09,Beverages,328,0
2022-08-29,BEV-09,Beverages,578,0
2022-09-05,BEV-09,Beverages,635,0
2022-09-12,BEV-09,Beverages,280,0
2022-09-19,BEV-09,Beverages,344,0
2022-09-26,BEV-09,Beverages,371,0
2022-10-03,BEV-09,Beverages,574,0
2022-10-10,BEV-09,Beverages,312,0
2022-10-17,BEV-09,Beverages,309,0
2022-10-24,BEV-09,Beverages,517,0
2022-10-31,BEV-09,Beverages,309,0
2022-11-07,BEV-09,Beverages,405,0
2022-11-14,BEV-09,Beverages,224,0
2022-11-21,BEV-09,Beverages,309,0
2022-11-28,BEV-09,Beverages,205,0
2022-12-05,BEV-09,Beverages,235,0
2022-12-12,BEV-09,Beverages,374,0
2022-12-19,BEV-09,Beverages,289,0
2022-12-26,BEV-09,Beverages,261,0
2023-01-02,BEV-09,Beverages,227,0
2023-01-09,BEV-09,Beverages,254,0
2023-01-16,BEV-09,Beverages,284,0
2023-01-23,BEV-09,Beverages,335,0
2023-01-30,BEV-09,Beverages,130,0
2023-02-06,BEV-09,Beverages,209,0
2023-02-13,BEV-09,Beverages,275,0
2023-02-20,BEV-09,Beverages,264,0
2023-02-27,BEV-09,Beverages,314,0
2023-03-06,BEV-09,Beverages,318,0
2023-03-13,BEV-09,Beverages,291,0
2023-03-20,BEV-09,Beverages,292,0
2023-03-27,BEV-09,Beverages,336,0
2023-04-03,BEV-09,Beverages,516,0
2023-04-10,BEV-09,Beverages,337,0
2023-04-17,BEV-09,Beverages,427,0
2023-04-24,BEV-09,Beverages,482,0
2023-05-01,BEV-09,Beverages,727,0
2023-05-08,BEV-09,Beverages,468,0
2023-05-15,BEV-09,Beverages,675,0
2023-05-22,BEV-09,Beverages,748,0
2023-05-29,BEV-09,Beverages,546,0
2023-06-05,BEV-09,Beverages,534,0
2023-06-12,BEV-09,Beverages,522,0
2023-06-19,BEV-09,Beverages,533,0
2023-06-26,BEV-09,Beverages,1230,1
2023-07-03,BEV-09,Beverages,596,0
2023-07-10,BEV-09,Beverages,587,0
2023-07-17,BEV-09,Beverages,403,0
2023-07-24,BEV-09,Beverages,409,0
2023-07-31,BEV-09,Beverages,894,0
2023-08-07,BEV-09,Beverages,473,0
2023-08-14,BEV-09,Beverages,392,0
2023-08-21,BEV-09,Beverages,675,0
2023-08-28,BEV-09,Beverages,485,0
2023-09-04,BEV-09,Beverages,509,0
2023-09-11,BEV-09,Beverages,411,0
2023-09-18,BEV-09,Beverages,382,0
2023-09-25,BEV-09,Beverages,389,0
2023-10-02,BEV-09,Beverages,278,0
2023-10-09,BEV-09,Beverages,383,0
2023-10-16,BEV-09,Beverages,418,0
2023-10-23,BEV-09,Beverages,618,0
2023-10-30,BEV-09,Beverages,385,0
2023-11-06,BEV-09,Beverages,202,0
2023-11-13,BEV-09,Beverages,356,0
2023-11-20,BEV-09,Beverages,731,0
2023-11-27,BEV-09,Beverages,439,0
2023-12-04,BEV-09,Beverages,277,0
2023-12-11,BEV-09,Beverages,389,0
2023-12-18,BEV-09,Beverages,267,0
2023-12-25,BEV-09,Beverages,221,0
2024-01-01,BEV-09,Beverages,279,0
2024-01-08,BEV-09,Beverages,305,0
2024-01-15,BEV-09,Beverages,179,0
2024-01-22,BEV-09,Beverages,212,0
2024-01-29,BEV-09,Beverages,285,0
2024-02-05,BEV-09,Beverages,256,0
2024-02-12,BEV-09,Beverages,321,0
2024-02-19,BEV-09,Beverages,217,0
2024-02-26,BEV-09,Beverages,372,0
2024-03-04,BEV-09,Beverages,238,0
2024-03-11,BEV-09,Beverages,527,0
2024-03-18,BEV-09,Beverages,234,0
2024-03-25,BEV-09,Beverages,293,0
2024-04-01,BEV-09,Beverages,465,0
2024-04-08,BEV-09,Beverages,687,0
2024-04-15,BEV-09,Beverages,514,0
2024-04-22,BEV-09,Beverages,581,0
2024-04-29,BEV-09,Beverages,531,0
2024-05-06,BEV-09,Beverages,424,0
2024-05-13,BEV-09,Beverages,507,0
2024-05-20,BEV-09,Beverages,434,0
2024-05-27,BEV-09,Beverages,437,0
2024-06-03,BEV-09,Beverages,689,0
2024-06-10,BEV-09,Beverages,468,0
2024-06-17,BEV-09,Beverages,683,0
2024-06-24,BEV-09,Beverages,446,0
2024-07-01,BEV-09,Beverages,670,0
2024-07-08,BEV-09,Beverages,537,0
2024-07-15,BEV-09,Beverages,863,0
2024-07-22,BEV-09,Beverages,634,0
2024-07-29,BEV-09,Beverages,782,0
2024-08-05,BEV-09,Beverages,451,0
2024-08-12,BEV-09,Beverages,540,0
2024-08-19,BEV-09,Beverages,399,0
2024-08-26,BEV-09,Beverages,533,1
2024-09-02,BEV-09,Beverages,453,0
2024-09-09,BEV-09,Beverages,390,0
2024-09-16,BEV-09,Beverages,335,0
2024-09-23,BEV-09,Beverages,311,0
2024-09-30,BEV-09,Beverages,240,0
2024-10-07,BEV-09,Beverages,329,0
2024-10-14,BEV-09,Beverages,740,1
2024-10-21,BEV-09,Beverages,278,0
2024-10-28,BEV-09,Beverages,291,0
2024-11-04,BEV-09,Beverages,653,0
2024-11-11,BEV-09,Beverages,597,1
2024-11-18,BEV-09,Beverages,430,0
2024-11-25,BEV-09,Beverages,458,0
2024-12-02,BEV-09,Beverages,450,0
2024-12-09,BEV-09,Beverages,248,0
2024-12-16,BEV-09,Beverages,338,0
2024-12-23,BEV-09,Beverages,229,0
2022-01-03,SNK-01,Snacks,552,0
2022-01-10,SNK-01,Snacks,1308,0
2022-01-17,SNK-01,Snacks,279,0
2022-01-24,SNK-01,Snacks,1155,0
2022-01-31,SNK-01,Snacks,519,0
2022-02-07,SNK-01,Snacks,3624,0
2022-02-14,SNK-01,Snacks,143,0
2022-02-21,SNK-01,Snacks,202,0
2022-02-28,SNK-01,Snacks,442,0
2022-03-07,SNK-01,Snacks,429,0
2022-03-14,SNK-01,Snacks,1290,0
2022-03-21,SNK-01,Snacks,192,0
2022-03-28,SNK-01,Snacks,585,0
2022-04-04,SNK-01,Snacks,688,0
2022-04-11,SNK-01,Snacks,482,0
2022-04-18,SNK-01,Snacks,141,0
2022-04-25,SNK-01,Snacks,755,0
2022-05-02,SNK-01,Snacks,643,0
2022-05-09,SNK-01,Snacks,397,0
2022-05-16,SNK-01,Snacks,290,0
2022-05-23,SNK-01,Snacks,288,0
2022-05-30,SNK-01,Snacks,227,0
2022-06-06,SNK-01,Snacks,378,0
2022-06-13,SNK-01,Snacks,411,1
2022-06-20,SNK-01,Snacks,132,0
2022-06-27,SNK-01,Snacks,117,0
2022-07-04,SNK-01,Snacks,151,0
2022-07-11,SNK-01,Snacks,319,0
2022-07-18,SNK-01,Snacks,282,0
2022-07-25,SNK-01,Snacks,357,0
2022-08-01,SNK-01,Snacks,468,0
2022-08-08,SNK-01,Snacks,222,0
2022-08-15,SNK-01,Snacks,1065,0
2022-08-22,SNK-01,Snacks,325,0
2022-08-29,SNK-01,Snacks,305,0
2022-09-05,SNK-01,Snacks,621,0
2022-09-12,SNK-01,Snacks,122,0
2022-09-19,SNK-01,Snacks,269,0
2022-09-26,SNK-01,Snacks,994,0
2022-10-03,SNK-01,Snacks,144,0
2022-10-10,SNK-01,Snacks,1138,0
2022-10-17,SNK-01,Snacks,1523,0
2022-10-24,SNK-01,Snacks,394,0
2022-10-31,SNK-01,Snacks,630,0
2022-11-07,SNK-01,Snacks,1129,0
2022-11-14,SNK-01,Snacks,354,0
2022-11-21,SNK-01,Snacks,904,0
2022-11-28,SNK-01,Snacks,291,0
2022-12-05,SNK-01,Snacks,324,0
2022-12-12,SNK-01,Snacks,249,0
2022-12-19,SNK-01,Snacks,548,0
2022-12-26,SNK-01,Snacks,952,0
2023-01-02,SNK-01,Snacks,351,0
2023-01-09,SNK-01,Snacks,155,0
2023-01-16,SNK-01,Snacks,173,0
2023-01-23,SNK-01,Snacks,487,0
2023-01-30,SNK-01,Snacks,1351,0
2023-02-06,SNK-01,Snacks,466,0
2023-02-13,SNK-01,Snacks,261,0
2023-02-20,SNK-01,Snacks,588,0
2023-02-27,SNK-01,Snacks,281,0
2023-03-06,SNK-01,Snacks,250,0
2023-03-13,SNK-01,Snacks,162,0
2023-03-20,SNK-01,Snacks,1216,1
2023-03-27,SNK-01,Snacks,72,1
2023-04-03,SNK-01,Snacks,540,0
2023-04-10,SNK-01,Snacks,212,0
2023-04-17,SNK-01,Snacks,215,0
2023-04-24,SNK-01,Snacks,947,0
2023-05-01,SNK-01,Snacks,162,0
2023-05-08,SNK-01,Snacks,161,0
2023-05-15,SNK-01,Snacks,233,0
2023-05-22,SNK-01,Snacks,336,0
2023-05-29,SNK-01,Snacks,178,0
2023-06-05,SNK-01,Snacks,78,0
2023-06-12,SNK-01,Snacks,163,1
2023-06-19,SNK-01,Snacks,618,0
2023-06-26,SNK-01,Snacks,266,0
2023-07-03,SNK-01,Snacks,361,0
2023-07-10,SNK-01,Snacks,227,0
2023-07-17,SNK-01,Snacks,180,0
2023-07-24,SNK-01,Snacks,1531,1
2023-07-31,SNK-01,Snacks,286,0
2023-08-07,SNK-01,Snacks,254,0
2023-08-14,SNK-01,Snacks,821,0
2023-08-21,SNK-01,Snacks,236,0
2023-08-28,SNK-01,Snacks,274,0
2023-09-04,SNK-01,Snacks,445,0
2023-09-11,SNK-01,Snacks,463,0
2023-09-18,SNK-01,Snacks,579,0
2023-09-25,SNK-01,Snacks,3392,1
2023-10-02,SNK-01,Snacks,647,0
2023-10-09,SNK-01,Snacks,93,0
2023-10-16,SNK-01,Snacks,659,0
2023-10-23,SNK-01,Snacks,537,0
2023-10-30,SNK-01,Snacks,536,0
2023-11-06,SNK-01,Snacks,614,0
2023-11-13,SNK-01,Snacks,495,0
2023-11-20,SNK-01,Snacks,476,0
2023-11-27,SNK-01,Snacks,749,0
2023-12-04,SNK-01,Snacks,316,0
2023-12-11,SNK-01,Snacks,229,0
2023-12-18,SNK-01,Snacks,3858,0
2023-12-25,SNK-01,Snacks,253,0
2024-01-01,SNK-01,Snacks,440,0
2024-01-08,SNK-01,Snacks,135,0
2024-01-15,SNK-01,Snacks,418,0
2024-01-22,SNK-01,Snacks,191,0
2024-01-29,SNK-01,Snacks,266,0
2024-02-05,SNK-01,Snacks,759,0
2024-02-12,SNK-01,Snacks,493,0
2024-02-19,SNK-01,Snacks,520,0
2024-02-26,SNK-01,Snacks,95,0
2024-03-04,SNK-01,Snacks,1256,0
2024-03-11,SNK-01,Snacks,140,0
2024-03-18,SNK-01,Snacks,973,0
2024-03-25,SNK-01,Snacks,662,0
2024-04-01,SNK-01,Snacks,471,0
2024-04-08,SNK-01,Snacks,164,0
2024-04-15,SNK-01,Snacks,329,0
2024-04-22,SNK-01,Snacks,204,0
2024-04-29,SNK-01,Snacks,283,0
2024-05-06,SNK-01,Snacks,225,0
2024-05-13,SNK-01,Snacks,60,0
2024-05-20,SNK-01,Snacks,571,0
2024-05-27,SNK-01,Snacks,236,0
2024-06-03,SNK-01,Snacks,174,0
2024-06-10,SNK-01,Snacks,165,0
2024-06-17,SNK-01,Snacks,322,0
2024-06-24,SNK-01,Snacks,134,0
2024-07-01,SNK-01,Snacks,52,0
2024-07-08,SNK-01,Snacks,369,0
2024-07-15,SNK-01,Snacks,422,0
2024-07-22,SNK-01,Snacks,267,0
2024-07-29,SNK-01,Snacks,144,0
2024-08-05,SNK-01,Snacks,374,0
2024-08-12,SNK-01,Snacks,131,0
2024-08-19,SNK-01,Snacks,190,0
2024-08-26,SNK-01,Snacks,246,0
2024-09-02,SNK-01,Snacks,817,0
2024-09-09,SNK-01,Snacks,359,0
2024-09-16,SNK-01,Snacks,352,0
2024-09-23,SNK-01,Snacks,2048,0
2024-09-30,SNK-01,Snacks,663,0
2024-10-07,SNK-01,Snacks,668,0
2024-10-14,SNK-01,Snacks,406,0
2024-10-21,SNK-01,Snacks,346,0
2024-10-28,SNK-01,Snacks,110,0
2024-11-04,SNK-01,Snacks,1052,0
2024-11-11,SNK-01,Snacks,712,0
2024-11-18,SNK-01,Snacks,444,0
2024-11-25,SNK-01,Snacks,446,0
2024-12-02,SNK-01,Snacks,812,0
2024-12-09,SNK-01,Snacks,151,0
2024-12-16,SNK-01,Snacks,293,0
2024-12-23,SNK-01,Snacks,191,0
2022-01-03,SNK-02,Snacks,494,0
2022-01-10,SNK-02,Snacks,472,0
2022-01-17,SNK-02,Snacks,750,0
2022-01-24,SNK-02,Snacks,560,0
2022-01-31,SNK-02,Snacks,479,0
2022-02-07,SNK-02,Snacks,467,0
2022-02-14,SNK-02,Snacks,453,0
2022-02-21,SNK-02,Snacks,436,0
2022-02-28,SNK-02,Snacks,384,0
2022-03-07,SNK-02,Snacks,361,0
2022-03-14,SNK-02,Snacks,595,1
2022-03-21,SNK-02,Snacks,408,0
2022-03-28,SNK-02,Snacks,543,0
2022-04-04,SNK-02,Snacks,686,1
2022-04-11,SNK-02,Snacks,454,0
2022-04-18,SNK-02,Snacks,375,0
2022-04-25,SNK-02,Snacks,414,0
2022-05-02,SNK-02,Snacks,446,0
2022-05-09,SNK-02,Snacks,469,0
2022-05-16,SNK-02,Snacks,400,0
2022-05-23,SNK-02,Snacks,486,0
2022-05-30,SNK-02,Snacks,394,0
2022-06-06,SNK-02,Snacks,445,0
2022-06-13,SNK-02,Snacks,347,0
2022-06-20,SNK-02,Snacks,268,0
2022-06-27,SNK-02,Snacks,380,0
2022-07-04,SNK-02,Snacks,404,0
2022-07-11,SNK-02,Snacks,386,0
2022-07-18,SNK-02,Snacks,370,0
2022-07-25,SNK-02,Snacks,320,0
2022-08-01,SNK-02,Snacks,294,0
2022-08-08,SNK-02,Snacks,375,0
2022-08-15,SNK-02,Snacks,371,0
2022-08-22,SNK-02,Snacks,317,0
2022-08-29,SNK-02,Snacks,439,0
2022-09-05,SNK-02,Snacks,537,1
2022-09-12,SNK-02,Snacks,349,0
2022-09-19,SNK-02,Snacks,541,0
2022-09-26,SNK-02,Snacks,493,0
2022-10-03,SNK-02,Snacks,415,0
2022-10-10,SNK-02,Snacks,486,0
2022-10-17,SNK-02,Snacks,496,0
2022-10-24,SNK-02,Snacks,307,0
2022-10-31,SNK-02,Snacks,442,0
2022-11-07,SNK-02,Snacks,532,0
2022-11-14,SNK-02,Snacks,516,0
2022-11-21,SNK-02,Snacks,587,0
2022-11-28,SNK-02,Snacks,697,0
2022-12-05,SNK-02,Snacks,543,0
2022-12-12,SNK-02,Snacks,833,1
2022-12-19,SNK-02,Snacks,610,0
2022-12-26,SNK-02,Snacks,539,0
2023-01-02,SNK-02,Snacks,548,0
2023-01-09,SNK-02,Snacks,527,0
2023-01-16,SNK-02,Snacks,811,0
2023-01-23,SNK-02,Snacks,356,0
2023-01-30,SNK-02,Snacks,484,0
2023-02-06,SNK-02,Snacks,505,0
2023-02-13,SNK-02,Snacks,428,0
2023-02-20,SNK-02,Snacks,562,0
2023-02-27,SNK-02,Snacks,540,0
2023-03-06,SNK-02,Snacks,452,0
2023-03-13,SNK-02,Snacks,425,0
2023-03-20,SNK-02,Snacks,429,0
2023-03-27,SNK-02,Snacks,422,0
2023-04-03,SNK-02,Snacks,418,0
2023-04-10,SNK-02,Snacks,404,0
2023-04-17,SNK-02,Snacks,432,0
2023-04-24,SNK-02,Snacks,467,0
2023-05-01,SNK-02,Snacks,324,0
2023-05-08,SNK-02,Snacks,330,0
2023-05-15,SNK-02,Snacks,287,0
2023-05-22,SNK-02,Snacks,451,0
2023-05-29,SNK-02,Snacks,398,0
2023-06-05,SNK-02,Snacks,682,1
2023-06-12,SNK-02,Snacks,330,1
2023-06-19,SNK-02,Snacks,492,0
2023-06-26,SNK-02,Snacks,530,1
2023-07-03,SNK-02,Snacks,353,0
2023-07-10,SNK-02,Snacks,392,0
2023-07-17,SNK-02,Snacks,278,0
2023-07-24,SNK-02,Snacks,298,0
2023-07-31,SNK-02,Snacks,337,0
2023-08-07,SNK-02,Snacks,545,0
2023-08-14,SNK-02,Snacks,349,0
2023-08-21,SNK-02,Snacks,448,0
2023-08-28,SNK-02,Snacks,428,0
2023-09-04,SNK-02,Snacks,380,0
2023-09-11,SNK-02,Snacks,310,0
2023-09-18,SNK-02,Snacks,466,0
2023-09-25,SNK-02,Snacks,309,0
2023-10-02,SNK-02,Snacks,562,0
2023-10-09,SNK-02,Snacks,457,0
2023-10-16,SNK-02,Snacks,287,0
2023-10-23,SNK-02,Snacks,452,0
2023-10-30,SNK-02,Snacks,559,0
2023-11-06,SNK-02,Snacks,492,0
2023-11-13,SNK-02,Snacks,599,0
2023-11-20,SNK-02,Snacks,463,0
2023-11-27,SNK-02,Snacks,434,0
2023-12-04,SNK-02,Snacks,546,0
2023-12-11,SNK-02,Snacks,558,0
2023-12-18,SNK-02,Snacks,521,0
2023-12-25,SNK-02,Snacks,685,0
2024-01-01,SNK-02,Snacks,664,1
2024-01-08,SNK-02,Snacks,567,0
2024-01-15,SNK-02,Snacks,532,0
2024-01-22,SNK-02,Snacks,389,0
2024-01-29,SNK-02,Snacks,396,0
2024-02-05,SNK-02,Snacks,489,0
2024-02-12,SNK-02,Snacks,677,0
2024-02-19,SNK-02,Snacks,514,0
2024-02-26,SNK-02,Snacks,332,0
2024-03-04,SNK-02,Snacks,253,0
2024-03-11,SNK-02,Snacks,492,0
2024-03-18,SNK-02,Snacks,416,0
2024-03-25,SNK-02,Snacks,509,0
2024-04-01,SNK-02,Snacks,350,0
2024-04-08,SNK-02,Snacks,430,0
2024-04-15,SNK-02,Snacks,463,0
2024-04-22,SNK-02,Snacks,364,0
2024-04-29,SNK-02,Snacks,361,0
2024-05-06,SNK-02,Snacks,386,0
2024-05-13,SNK-02,Snacks,418,0
2024-05-20,SNK-02,Snacks,372,0
2024-05-27,SNK-02,Snacks,437,0
2024-06-03,SNK-02,Snacks,332,0
2024-06-10,SNK-02,Snacks,279,0
2024-06-17,SNK-02,Snacks,733,1
2024-06-24,SNK-02,Snacks,304,0
2024-07-01,SNK-02,Snacks,299,0
2024-07-08,SNK-02,Snacks,321,0
2024-07-15,SNK-02,Snacks,324,0
2024-07-22,SNK-02,Snacks,295,0
2024-07-29,SNK-02,Snacks,313,0
2024-08-05,SNK-02,Snacks,312,0
2024-08-12,SNK-02,Snacks,327,0
2024-08-19,SNK-02,Snacks,212,0
2024-08-26,SNK-02,Snacks,462,0
2024-09-02,SNK-02,Snacks,332,0
2024-09-09,SNK-02,Snacks,392,0
2024-09-16,SNK-02,Snacks,288,0
2024-09-23,SNK-02,Snacks,354,0
2024-09-30,SNK-02,Snacks,357,0
2024-10-07,SNK-02,Snacks,548,0
2024-10-14,SNK-02,Snacks,397,0
2024-10-21,SNK-02,Snacks,525,0
2024-10-28,SNK-02,Snacks,596,1
2024-11-04,SNK-02,Snacks,454,0
2024-11-11,SNK-02,Snacks,484,0
2024-11-18,SNK-02,Snacks,650,0
2024-11-25,SNK-02,Snacks,375,0
2024-12-02,SNK-02,Snacks,420,0
2024-12-09,SNK-02,Snacks,377,0
2024-12-16,SNK-02,Snacks,440,0
2024-12-23,SNK-02,Snacks,459,0
2022-01-03,SNK-03,Snacks,1044,0
2022-01-10,SNK-03,Snacks,3084,0
2022-01-17,SNK-03,Snacks,1671,0
2022-01-24,SNK-03,Snacks,442,0
2022-01-31,SNK-03,Snacks,520,0
2022-02-07,SNK-03,Snacks,1324,0
2022-02-14,SNK-03,Snacks,498,0
2022-02-21,SNK-03,Snacks,137,0
2022-02-28,SNK-03,Snacks,761,0
2022-03-07,SNK-03,Snacks,222,0
2022-03-14,SNK-03,Snacks,2978,0
2022-03-21,SNK-03,Snacks,865,0
2022-03-28,SNK-03,Snacks,341,0
2022-04-04,SNK-03,Snacks,400,0
2022-04-11,SNK-03,Snacks,144,0
2022-04-18,SNK-03,Snacks,277,0
2022-04-25,SNK-03,Snacks,1940,1
2022-05-02,SNK-03,Snacks,4510,0
2022-05-09,SNK-03,Snacks,1242,0
2022-05-16,SNK-03,Snacks,610,0
2022-05-23,SNK-03,Snacks,448,0
2022-05-30,SNK-03,Snacks,280,0
2022-06-06,SNK-03,Snacks,3493,0
2022-06-13,SNK-03,Snacks,507,0
2022-06-20,SNK-03,Snacks,3455,0
2022-06-27,SNK-03,Snacks,1824,0
2022-07-04,SNK-03,Snacks,126,0
2022-07-11,SNK-03,Snacks,306,0
2022-07-18,SNK-03,Snacks,302,0
2022-07-25,SNK-03,Snacks,496,0
2022-08-01,SNK-03,Snacks,722,1
2022-08-08,SNK-03,Snacks,6924,0
2022-08-15,SNK-03,Snacks,229,0
2022-08-22,SNK-03,Snacks,725,0
2022-08-29,SNK-03,Snacks,1065,0
2022-09-05,SNK-03,Snacks,673,0
2022-09-12,SNK-03,Snacks,792,0
2022-09-19,SNK-03,Snacks,320,0
2022-09-26,SNK-03,Snacks,908,0
2022-10-03,SNK-03,Snacks,1369,0
2022-10-10,SNK-03,Snacks,1248,0
2022-10-17,SNK-03,Snacks,1624,0
2022-10-24,SNK-03,Snacks,3489,0
2022-10-31,SNK-03,Snacks,2441,0
2022-11-07,SNK-03,Snacks,1220,0
2022-11-14,SNK-03,Snacks,439,0
2022-11-21,SNK-03,Snacks,953,1
2022-11-28,SNK-03,Snacks,1610,1
2022-12-05,SNK-03,Snacks,1534,0
2022-12-12,SNK-03,Snacks,828,0
2022-12-19,SNK-03,Snacks,559,0
2022-12-26,SNK-03,Snacks,446,0
2023-01-02,SNK-03,Snacks,296,0
2023-01-09,SNK-03,Snacks,960,0
2023-01-16,SNK-03,Snacks,329,0
2023-01-23,SNK-03,Snacks,476,0
2023-01-30,SNK-03,Snacks,770,0
2023-02-06,SNK-03,Snacks,336,0
2023-02-13,SNK-03,Snacks,1390,0
2023-02-20,SNK-03,Snacks,1829,0
2023-02-27,SNK-03,Snacks,598,0
2023-03-06,SNK-03,Snacks,640,0
2023-03-13,SNK-03,Snacks,1427,0
2023-03-20,SNK-03,Snacks,485,0
2023-03-27,SNK-03,Snacks,596,1
2023-04-03,SNK-03,Snacks,2364,0
2023-04-10,SNK-03,Snacks,1791,0
2023-04-17,SNK-03,Snacks,1392,0
2023-04-24,SNK-03,Snacks,1807,0
2023-05-01,SNK-03,Snacks,153,0
2023-05-08,SNK-03,Snacks,2517,0
2023-05-15,SNK-03,Snacks,1095,0
2023-05-22,SNK-03,Snacks,1809,0
2023-05-29,SNK-03,Snacks,1042,0
2023-06-05,SNK-03,Snacks,762,0
2023-06-12,SNK-03,Snacks,563,0
2023-06-19,SNK-03,Snacks,941,0
2023-06-26,SNK-03,Snacks,515,0
2023-07-03,SNK-03,Snacks,1362,0
2023-07-10,SNK-03,Snacks,167,0
2023-07-17,SNK-03,Snacks,400,0
2023-07-24,SNK-03,Snacks,3554,0
2023-07-31,SNK-03,Snacks,375,0
2023-08-07,SNK-03,Snacks,531,0
2023-08-14,SNK-03,Snacks,319,0
2023-08-21,SNK-03,Snacks,934,0
2023-08-28,SNK-03,Snacks,399,0
2023-09-04,SNK-03,Snacks,677,0
2023-09-11,SNK-03,Snacks,1736,0
2023-09-18,SNK-03,Snacks,503,0
2023-09-25,SNK-03,Snacks,1898,0
2023-10-02,SNK-03,Snacks,2090,0
2023-10-09,SNK-03,Snacks,2714,0
2023-10-16,SNK-03,Snacks,1329,0
2023-10-23,SNK-03,Snacks,19287,0
2023-10-30,SNK-03,Snacks,3180,0
2023-11-06,SNK-03,Snacks,1785,0
2023-11-13,SNK-03,Snacks,667,0
2023-11-20,SNK-03,Snacks,1321,0
2023-11-27,SNK-03,Snacks,4870,0
2023-12-04,SNK-03,Snacks,6245,0
2023-12-11,SNK-03,Snacks,5147,0
2023-12-18,SNK-03,Snacks,2851,0
2023-12-25,SNK-03,Snacks,502,0
2024-01-01,SNK-03,Snacks,2156,0
2024-01-08,SNK-03,Snacks,648,1
2024-01-15,SNK-03,Snacks,387,0
2024-01-22,SNK-03,Snacks,1621,0
2024-01-29,SNK-03,Snacks,1999,0
2024-02-05,SNK-03,Snacks,2670,0
2024-02-12,SNK-03,Snacks,1835,0
2024-02-19,SNK-03,Snacks,1832,0
2024-02-26,SNK-03,Snacks,494,0
2024-03-04,SNK-03,Snacks,1012,0
2024-03-11,SNK-03,Snacks,302,0
2024-03-18,SNK-03,Snacks,195,0
2024-03-25,SNK-03,Snacks,1945,0
2024-04-01,SNK-03,Snacks,542,0
2024-04-08,SNK-03,Snacks,2112,0
2024-04-15,SNK-03,Snacks,2545,0
2024-04-22,SNK-03,Snacks,583,0
2024-04-29,SNK-03,Snacks,1598,0
2024-05-06,SNK-03,Snacks,546,0
2024-05-13,SNK-03,Snacks,197,0
2024-05-20,SNK-03,Snacks,1019,0
2024-05-27,SNK-03,Snacks,602,0
2024-06-03,SNK-03,Snacks,602,0
2024-06-10,SNK-03,Snacks,4509,0
2024-06-17,SNK-03,Snacks,227,0
2024-06-24,SNK-03,Snacks,1107,0
2024-07-01,SNK-03,Snacks,336,0
2024-07-08,SNK-03,Snacks,1646,0
2024-07-15,SNK-03,Snacks,969,0
2024-07-22,SNK-03,Snacks,1032,0
2024-07-29,SNK-03,Snacks,339,0
2024-08-05,SNK-03,Snacks,402,0
2024-08-12,SNK-03,Snacks,1737,0
2024-08-19,SNK-03,Snacks,4974,1
2024-08-26,SNK-03,Snacks,1312,0
2024-09-02,SNK-03,Snacks,435,0
2024-09-09,SNK-03,Snacks,1324,0
2024-09-16,SNK-03,Snacks,8301,0
2024-09-23,SNK-03,Snacks,1247,0
2024-09-30,SNK-03,Snacks,4215,0
2024-10-07,SNK-03,Snacks,699,0
2024-10-14,SNK-03,Snacks,1339,0
2024-10-21,SNK-03,Snacks,2474,0
2024-10-28,SNK-03,Snacks,2151,0
2024-11-04,SNK-03,Snacks,837,0
2024-11-11,SNK-03,Snacks,835,0
2024-11-18,SNK-03,Snacks,3915,0
2024-11-25,SNK-03,Snacks,4734,0
2024-12-02,SNK-03,Snacks,6274,0
2024-12-09,SNK-03,Snacks,8056,0
2024-12-16,SNK-03,Snacks,1957,0
2024-12-23,SNK-03,Snacks,1329,0
2022-01-03,SNK-04,Snacks,182,0
2022-01-10,SNK-04,Snacks,206,0
2022-01-17,SNK-04,Snacks,420,0
2022-01-24,SNK-04,Snacks,176,0
2022-01-31,SNK-04,Snacks,204,0
2022-02-07,SNK-04,Snacks,86,0
2022-02-14,SNK-04,Snacks,131,0
2022-02-21,SNK-04,Snacks,238,0
2022-02-28,SNK-04,Snacks,174,0
2022-03-07,SNK-04,Snacks,31,0
2022-03-14,SNK-04,Snacks,255,1
2022-03-21,SNK-04,Snacks,287,0
2022-03-28,SNK-04,Snacks,69,0
2022-04-04,SNK-04,Snacks,239,0
2022-04-11,SNK-04,Snacks,50,0
2022-04-18,SNK-04,Snacks,185,0
2022-04-25,SNK-04,Snacks,128,0
2022-05-02,SNK-04,Snacks,53,0
2022-05-09,SNK-04,Snacks,230,1
2022-05-16,SNK-04,Snacks,177,0
2022-05-23,SNK-04,Snacks,130,0
2022-05-30,SNK-04,Snacks,138,0
2022-06-06,SNK-04,Snacks,96,0
2022-06-13,SNK-04,Snacks,57,0
2022-06-20,SNK-04,Snacks,145,0
2022-06-27,SNK-04,Snacks,218,0
2022-07-04,SNK-04,Snacks,182,0
2022-07-11,SNK-04,Snacks,63,0
2022-07-18,SNK-04,Snacks,79,0
2022-07-25,SNK-04,Snacks,108,0
2022-08-01,SNK-04,Snacks,89,0
2022-08-08,SNK-04,Snacks,172,0
2022-08-15,SNK-04,Snacks,209,0
2022-08-22,SNK-04,Snacks,173,1
2022-08-29,SNK-04,Snacks,274,0
2022-09-05,SNK-04,Snacks,452,1
2022-09-12,SNK-04,Snacks,190,0
2022-09-19,SNK-04,Snacks,228,0
2022-09-26,SNK-04,Snacks,125,0
2022-10-03,SNK-04,Snacks,230,0
2022-10-10,SNK-04,Snacks,265,0
2022-10-17,SNK-04,Snacks,285,0
2022-10-24,SNK-04,Snacks,466,1
2022-10-31,SNK-04,Snacks,294,0
2022-11-07,SNK-04,Snacks,243,0
2022-11-14,SNK-04,Snacks,292,0
2022-11-21,SNK-04,Snacks,370,0
2022-11-28,SNK-04,Snacks,243,0
2022-12-05,SNK-04,Snacks,274,0
2022-12-12,SNK-04,Snacks,307,1
2022-12-19,SNK-04,Snacks,182,0
2022-12-26,SNK-04,Snacks,268,0
2023-01-02,SNK-04,Snacks,176,0
2023-01-09,SNK-04,Snacks,240,0
2023-01-16,SNK-04,Snacks,205,0
2023-01-23,SNK-04,Snacks,177,0
2023-01-30,SNK-04,Snacks,171,0
2023-02-06,SNK-04,Snacks,157,0
2023-02-13,SNK-04,Snacks,103,0
2023-02-20,SNK-04,Snacks,210,0
2023-02-27,SNK-04,Snacks,226,1
2023-03-06,SNK-04,Snacks,241,0
2023-03-13,SNK-04,Snacks,145,0
2023-03-20,SNK-04,Snacks,341,0
2023-03-27,SNK-04,Snacks,148,0
2023-04-03,SNK-04,Snacks,121,0
2023-04-10,SNK-04,Snacks,114,0
2023-04-17,SNK-04,Snacks,85,0
2023-04-24,SNK-04,Snacks,266,0
2023-05-01,SNK-04,Snacks,243,0
2023-05-08,SNK-04,Snacks,179,0
2023-05-15,SNK-04,Snacks,101,0
2023-05-22,SNK-04,Snacks,261,0
2023-05-29,SNK-04,Snacks,118,0
2023-06-05,SNK-04,Snacks,120,0
2023-06-12,SNK-04,Snacks,267,1
2023-06-19,SNK-04,Snacks,170,0
2023-06-26,SNK-04,Snacks,303,0
2023-07-03,SNK-04,Snacks,157,0
2023-07-10,SNK-04,Snacks,131,0
2023-07-17,SNK-04,Snacks,129,0
2023-07-24,SNK-04,Snacks,88,0
2023-07-31,SNK-04,Snacks,167,0
2023-08-07,SNK-04,Snacks,300,0
2023-08-14,SNK-04,Snacks,265,0
2023-08-21,SNK-04,Snacks,231,0
2023-08-28,SNK-04,Snacks,171,0
2023-09-04,SNK-04,Snacks,282,0
2023-09-11,SNK-04,Snacks,394,0
2023-09-18,SNK-04,Snacks,335,0
2023-09-25,SNK-04,Snacks,316,0
2023-10-02,SNK-04,Snacks,231,0
2023-10-09,SNK-04,Snacks,429,0
2023-10-16,SNK-04,Snacks,104,0
2023-10-23,SNK-04,Snacks,368,0
2023-10-30,SNK-04,Snacks,807,0
2023-11-06,SNK-04,Snacks,185,0
2023-11-13,SNK-04,Snacks,288,0
2023-11-20,SNK-04,Snacks,308,0
2023-11-27,SNK-04,Snacks,255,0
2023-12-04,SNK-04,Snacks,425,0
2023-12-11,SNK-04,Snacks,458,1
2023-12-18,SNK-04,Snacks,291,0
2023-12-25,SNK-04,Snacks,355,0
2024-01-01,SNK-04,Snacks,364,1
2024-01-08,SNK-04,Snacks,782,0
2024-01-15,SNK-04,Snacks,256,0
2024-01-22,SNK-04,Snacks,253,0
2024-01-29,SNK-04,Snacks,125,0
2024-02-05,SNK-04,Snacks,186,0
2024-02-12,SNK-04,Snacks,335,0
2024-02-19,SNK-04,Snacks,135,0
2024-02-26,SNK-04,Snacks,99,0
2024-03-04,SNK-04,Snacks,215,0
2024-03-11,SNK-04,Snacks,343,0
2024-03-18,SNK-04,Snacks,210,0
2024-03-25,SNK-04,Snacks,180,0
2024-04-01,SNK-04,Snacks,102,0
2024-04-08,SNK-04,Snacks,228,0
2024-04-15,SNK-04,Snacks,240,0
2024-04-22,SNK-04,Snacks,97,0
2024-04-29,SNK-04,Snacks,268,0
2024-05-06,SNK-04,Snacks,345,1
2024-05-13,SNK-04,Snacks,252,0
2024-05-20,SNK-04,Snacks,201,0
2024-05-27,SNK-04,Snacks,202,0
2024-06-03,SNK-04,Snacks,190,0
2024-06-10,SNK-04,Snacks,215,0
2024-06-17,SNK-04,Snacks,83,0
2024-06-24,SNK-04,Snacks,95,0
2024-07-01,SNK-04,Snacks,161,1
2024-07-08,SNK-04,Snacks,170,0
2024-07-15,SNK-04,Snacks,217,0
2024-07-22,SNK-04,Snacks,227,0
2024-07-29,SNK-04,Snacks,324,0
2024-08-05,SNK-04,Snacks,353,0
2024-08-12,SNK-04,Snacks,184,0
2024-08-19,SNK-04,Snacks,294,0
2024-08-26,SNK-04,Snacks,213,0
2024-09-02,SNK-04,Snacks,286,0
2024-09-09,SNK-04,Snacks,363,0
2024-09-16,SNK-04,Snacks,100,0
2024-09-23,SNK-04,Snacks,838,0
2024-09-30,SNK-04,Snacks,522,1
2024-10-07,SNK-04,Snacks,482,1
2024-10-14,SNK-04,Snacks,757,0
2024-10-21,SNK-04,Snacks,337,0
2024-10-28,SNK-04,Snacks,401,0
2024-11-04,SNK-04,Snacks,319,0
2024-11-11,SNK-04,Snacks,680,0
2024-11-18,SNK-04,Snacks,356,0
2024-11-25,SNK-04,Snacks,381,0
2024-12-02,SNK-04,Snacks,541,0
2024-12-09,SNK-04,Snacks,421,0
2024-12-16,SNK-04,Snacks,324,0
2024-12-23,SNK-04,Snacks,476,0
2022-01-03,SNK-05,Snacks,17,0
2022-01-10,SNK-05,Snacks,46,0
2022-01-17,SNK-05,Snacks,25,0
2022-01-24,SNK-05,Snacks,24,0
2022-01-31,SNK-05,Snacks,35,1
2022-02-07,SNK-05,Snacks,49,0
2022-02-14,SNK-05,Snacks,47,0
2022-02-21,SNK-05,Snacks,72,0
2022-02-28,SNK-05,Snacks,26,0
2022-03-07,SNK-05,Snacks,37,0
2022-03-14,SNK-05,Snacks,20,0
2022-03-21,SNK-05,Snacks,29,0
2022-03-28,SNK-05,Snacks,40,1
2022-04-04,SNK-05,Snacks,39,0
2022-04-11,SNK-05,Snacks,48,0
2022-04-18,SNK-05,Snacks,47,0
2022-04-25,SNK-05,Snacks,22,0
2022-05-02,SNK-05,Snacks,46,0
2022-05-09,SNK-05,Snacks,30,0
2022-05-16,SNK-05,Snacks,26,0
2022-05-23,SNK-05,Snacks,22,0
2022-05-30,SNK-05,Snacks,23,0
2022-06-06,SNK-05,Snacks,56,0
2022-06-13,SNK-05,Snacks,31,0
2022-06-20,SNK-05,Snacks,29,0
2022-06-27,SNK-05,Snacks,24,0
2022-07-04,SNK-05,Snacks,72,0
2022-07-11,SNK-05,Snacks,69,1
2022-07-18,SNK-05,Snacks,20,0
2022-07-25,SNK-05,Snacks,25,0
2022-08-01,SNK-05,Snacks,26,0
2022-08-08,SNK-05,Snacks,32,0
2022-08-15,SNK-05,Snacks,23,0
2022-08-22,SNK-05,Snacks,39,0
2022-08-29,SNK-05,Snacks,61,0
2022-09-05,SNK-05,Snacks,21,0
2022-09-12,SNK-05,Snacks,24,0
2022-09-19,SNK-05,Snacks,32,0
2022-09-26,SNK-05,Snacks,34,0
2022-10-03,SNK-05,Snacks,95,0
2022-10-10,SNK-05,Snacks,66,0
2022-10-17,SNK-05,Snacks,66,0
2022-10-24,SNK-05,Snacks,42,0
2022-10-31,SNK-05,Snacks,42,0
2022-11-07,SNK-05,Snacks,27,0
2022-11-14,SNK-05,Snacks,66,0
2022-11-21,SNK-05,Snacks,58,0
2022-11-28,SNK-05,Snacks,80,0
2022-12-05,SNK-05,Snacks,43,0
2022-12-12,SNK-05,Snacks,44,0
2022-12-19,SNK-05,Snacks,49,0
2022-12-26,SNK-05,Snacks,64,0
2023-01-02,SNK-05,Snacks,24,0
2023-01-09,SNK-05,Snacks,57,0
2023-01-16,SNK-05,Snacks,41,0
2023-01-23,SNK-05,Snacks,26,0
2023-01-30,SNK-05,Snacks,17,0
2023-02-06,SNK-05,Snacks,37,0
2023-02-13,SNK-05,Snacks,68,0
2023-02-20,SNK-05,Snacks,73,0
2023-02-27,SNK-05,Snacks,42,0
2023-03-06,SNK-05,Snacks,80,0
2023-03-13,SNK-05,Snacks,35,0
2023-03-20,SNK-05,Snacks,52,0
2023-03-27,SNK-05,Snacks,29,0
2023-04-03,SNK-05,Snacks,28,0
2023-04-10,SNK-05,Snacks,26,0
2023-04-17,SNK-05,Snacks,15,0
2023-04-24,SNK-05,Snacks,56,0
2023-05-01,SNK-05,Snacks,25,0
2023-05-08,SNK-05,Snacks,23,0
2023-05-15,SNK-05,Snacks,20,0
2023-05-22,SNK-05,Snacks,29,0
2023-05-29,SNK-05,Snacks,62,0
2023-06-05,SNK-05,Snacks,69,0
2023-06-12,SNK-05,Snacks,15,0
2023-06-19,SNK-05,Snacks,25,0
2023-06-26,SNK-05,Snacks,22,1
2023-07-03,SNK-05,Snacks,43,0
2023-07-10,SNK-05,Snacks,32,0
2023-07-17,SNK-05,Snacks,23,0
2023-07-24,SNK-05,Snacks,31,0
2023-07-31,SNK-05,Snacks,25,0
2023-08-07,SNK-05,Snacks,61,0
2023-08-14,SNK-05,Snacks,41,0
2023-08-21,SNK-05,Snacks,45,0
2023-08-28,SNK-05,Snacks,12,0
2023-09-04,SNK-05,Snacks,37,0
2023-09-11,SNK-05,Snacks,92,0
2023-09-18,SNK-05,Snacks,71,0
2023-09-25,SNK-05,Snacks,32,1
2023-10-02,SNK-05,Snacks,40,0
2023-10-09,SNK-05,Snacks,29,0
2023-10-16,SNK-05,Snacks,96,0
2023-10-23,SNK-05,Snacks,55,0
2023-10-30,SNK-05,Snacks,37,0
2023-11-06,SNK-05,Snacks,52,0
2023-11-13,SNK-05,Snacks,31,1
2023-11-20,SNK-05,Snacks,33,0
2023-11-27,SNK-05,Snacks,52,0
2023-12-04,SNK-05,Snacks,71,0
2023-12-11,SNK-05,Snacks,23,0
2023-12-18,SNK-05,Snacks,42,0
2023-12-25,SNK-05,Snacks,72,0
2024-01-01,SNK-05,Snacks,26,0
2024-01-08,SNK-05,Snacks,50,0
2024-01-15,SNK-05,Snacks,46,0
2024-01-22,SNK-05,Snacks,146,1
2024-01-29,SNK-05,Snacks,39,0
2024-02-05,SNK-05,Snacks,64,1
2024-02-12,SNK-05,Snacks,57,0
2024-02-19,SNK-05,Snacks,23,0
2024-02-26,SNK-05,Snacks,36,0
2024-03-04,SNK-05,Snacks,32,0
2024-03-11,SNK-05,Snacks,36,0
2024-03-18,SNK-05,Snacks,53,0
2024-03-25,SNK-05,Snacks,47,0
2024-04-01,SNK-05,Snacks,27,0
2024-04-08,SNK-05,Snacks,39,0
2024-04-15,SNK-05,Snacks,66,0
2024-04-22,SNK-05,Snacks,26,0
2024-04-29,SNK-05,Snacks,37,0
2024-05-06,SNK-05,Snacks,32,0
2024-05-13,SNK-05,Snacks,33,0
2024-05-20,SNK-05,Snacks,20,1
2024-05-27,SNK-05,Snacks,58,0
2024-06-03,SNK-05,Snacks,23,0
2024-06-10,SNK-05,Snacks,48,0
2024-06-17,SNK-05,Snacks,24,0
2024-06-24,SNK-05,Snacks,39,1
2024-07-01,SNK-05,Snacks,50,0
2024-07-08,SNK-05,Snacks,46,0
2024-07-15,SNK-05,Snacks,34,0
2024-07-22,SNK-05,Snacks,43,0
2024-07-29,SNK-05,Snacks,29,0
2024-08-05,SNK-05,Snacks,48,1
2024-08-12,SNK-05,Snacks,27,0
2024-08-19,SNK-05,Snacks,53,0
2024-08-26,SNK-05,Snacks,29,0
2024-09-02,SNK-05,Snacks,73,0
2024-09-09,SNK-05,Snacks,37,0
2024-09-16,SNK-05,Snacks,45,0
2024-09-23,SNK-05,Snacks,63,0
2024-09-30,SNK-05,Snacks,49,0
2024-10-07,SNK-05,Snacks,44,0
2024-10-14,SNK-05,Snacks,51,0
2024-10-21,SNK-05,Snacks,76,0
2024-10-28,SNK-05,Snacks,41,0
2024-11-04,SNK-05,Snacks,90,1
2024-11-11,SNK-05,Snacks,55,0
2024-11-18,SNK-05,Snacks,78,0
2024-11-25,SNK-05,Snacks,53,0
2024-12-02,SNK-05,Snacks,112,0
2024-12-09,SNK-05,Snacks,50,0
2024-12-16,SNK-05,Snacks,48,0
2024-12-23,SNK-05,Snacks,48,0
2022-01-03,SNK-06,Snacks,371,0
2022-01-10,SNK-06,Snacks,873,1
2022-01-17,SNK-06,Snacks,321,0
2022-01-24,SNK-06,Snacks,540,0
2022-01-31,SNK-06,Snacks,572,0
2022-02-07,SNK-06,Snacks,390,0
2022-02-14,SNK-06,Snacks,612,0
2022-02-21,SNK-06,Snacks,868,0
2022-02-28,SNK-06,Snacks,477,0
2022-03-07,SNK-06,Snacks,405,0
2022-03-14,SNK-06,Snacks,481,0
2022-03-21,SNK-06,Snacks,527,0
2022-03-28,SNK-06,Snacks,164,0
2022-04-04,SNK-06,Snacks,699,0
2022-04-11,SNK-06,Snacks,376,0
2022-04-18,SNK-06,Snacks,1158,0
2022-04-25,SNK-06,Snacks,729,0
2022-05-02,SNK-06,Snacks,1053,0
2022-05-09,SNK-06,Snacks,242,0
2022-05-16,SNK-06,Snacks,362,0
2022-05-23,SNK-06,Snacks,198,0
2022-05-30,SNK-06,Snacks,275,0
2022-06-06,SNK-06,Snacks,1387,1
2022-06-13,SNK-06,Snacks,1123,0
2022-06-20,SNK-06,Snacks,190,0
2022-06-27,SNK-06,Snacks,294,0
2022-07-04,SNK-06,Snacks,374,0
2022-07-11,SNK-06,Snacks,577,0
2022-07-18,SNK-06,Snacks,122,0
2022-07-25,SNK-06,Snacks,137,0
2022-08-01,SNK-06,Snacks,563,0
2022-08-08,SNK-06,Snacks,115,0
2022-08-15,SNK-06,Snacks,326,0
2022-08-22,SNK-06,Snacks,513,0
2022-08-29,SNK-06,Snacks,642,0
2022-09-05,SNK-06,Snacks,470,0
2022-09-12,SNK-06,Snacks,429,0
2022-09-19,SNK-06,Snacks,1017,0
2022-09-26,SNK-06,Snacks,741,0
2022-10-03,SNK-06,Snacks,420,0
2022-10-10,SNK-06,Snacks,693,0
2022-10-17,SNK-06,Snacks,909,0
2022-10-24,SNK-06,Snacks,2287,0
2022-10-31,SNK-06,Snacks,1265,0
2022-11-07,SNK-06,Snacks,1718,0
2022-11-14,SNK-06,Snacks,518,0
2022-11-21,SNK-06,Snacks,552,0
2022-11-28,SNK-06,Snacks,670,0
2022-12-05,SNK-06,Snacks,708,0
2022-12-12,SNK-06,Snacks,394,0
2022-12-19,SNK-06,Snacks,1760,0
2022-12-26,SNK-06,Snacks,1336,0
2023-01-02,SNK-06,Snacks,591,0
2023-01-09,SNK-06,Snacks,1080,0
2023-01-16,SNK-06,Snacks,793,0
2023-01-23,SNK-06,Snacks,1070,0
2023-01-30,SNK-06,Snacks,263,0
2023-02-06,SNK-06,Snacks,566,0
2023-02-13,SNK-06,Snacks,583,0
2023-02-20,SNK-06,Snacks,894,0
2023-02-27,SNK-06,Snacks,380,0
2023-03-06,SNK-06,Snacks,107,0
2023-03-13,SNK-06,Snacks,270,0
2023-03-20,SNK-06,Snacks,524,0
2023-03-27,SNK-06,Snacks,561,0
2023-04-03,SNK-06,Snacks,1626,0
2023-04-10,SNK-06,Snacks,771,0
2023-04-17,SNK-06,Snacks,545,0
2023-04-24,SNK-06,Snacks,497,0
2023-05-01,SNK-06,Snacks,1040,0
2023-05-08,SNK-06,Snacks,330,0
2023-05-15,SNK-06,Snacks,436,0
2023-05-22,SNK-06,Snacks,226,0
2023-05-29,SNK-06,Snacks,1169,0
2023-06-05,SNK-06,Snacks,575,0
2023-06-12,SNK-06,Snacks,269,0
2023-06-19,SNK-06,Snacks,390,0
2023-06-26,SNK-06,Snacks,578,0
2023-07-03,SNK-06,Snacks,343,0
2023-07-10,SNK-06,Snacks,282,0
2023-07-17,SNK-06,Snacks,261,0
2023-07-24,SNK-06,Snacks,510,0
2023-07-31,SNK-06,Snacks,328,0
2023-08-07,SNK-06,Snacks,318,0
2023-08-14,SNK-06,Snacks,184,0
2023-08-21,SNK-06,Snacks,495,0
2023-08-28,SNK-06,Snacks,440,0
2023-09-04,SNK-06,Snacks,424,0
2023-09-11,SNK-06,Snacks,636,0
2023-09-18,SNK-06,Snacks,971,0
2023-09-25,SNK-06,Snacks,996,0
2023-10-02,SNK-06,Snacks,950,0
2023-10-09,SNK-06,Snacks,588,0
2023-10-16,SNK-06,Snacks,493,0
2023-10-23,SNK-06,Snacks,372,0
2023-10-30,SNK-06,Snacks,518,0
2023-11-06,SNK-06,Snacks,796,0
2023-11-13,SNK-06,Snacks,473,0
2023-11-20,SNK-06,Snacks,858,0
2023-11-27,SNK-06,Snacks,424,0
2023-12-04,SNK-06,Snacks,412,1
2023-12-11,SNK-06,Snacks,1370,0
2023-12-18,SNK-06,Snacks,571,0
2023-12-25,SNK-06,Snacks,439,0
2024-01-01,SNK-06,Snacks,362,0
2024-01-08,SNK-06,Snacks,965,0
2024-01-15,SNK-06,Snacks,1765,0
2024-01-22,SNK-06,Snacks,525,0
2024-01-29,SNK-06,Snacks,576,0
2024-02-05,SNK-06,Snacks,1316,0
2024-02-12,SNK-06,Snacks,188,0
2024-02-19,SNK-06,Snacks,2258,0
2024-02-26,SNK-06,Snacks,3654,1
2024-03-04,SNK-06,Snacks,160,1
2024-03-11,SNK-06,Snacks,850,1
2024-03-18,SNK-06,Snacks,349,0
2024-03-25,SNK-06,Snacks,465,0
2024-04-01,SNK-06,Snacks,414,0
2024-04-08,SNK-06,Snacks,926,0
2024-04-15,SNK-06,Snacks,494,0
2024-04-22,SNK-06,Snacks,286,0
2024-04-29,SNK-06,Snacks,459,0
2024-05-06,SNK-06,Snacks,711,0
2024-05-13,SNK-06,Snacks,225,0
2024-05-20,SNK-06,Snacks,161,0
2024-05-27,SNK-06,Snacks,1770,0
2024-06-03,SNK-06,Snacks,299,0
2024-06-10,SNK-06,Snacks,407,0
2024-06-17,SNK-06,Snacks,334,0
2024-06-24,SNK-06,Snacks,612,0
2024-07-01,SNK-06,Snacks,1360,0
2024-07-08,SNK-06,Snacks,609,0
2024-07-15,SNK-06,Snacks,245,1
2024-07-22,SNK-06,Snacks,284,1
2024-07-29,SNK-06,Snacks,327,0
2024-08-05,SNK-06,Snacks,367,0
2024-08-12,SNK-06,Snacks,145,0
2024-08-19,SNK-06,Snacks,1214,1
2024-08-26,SNK-06,Snacks,245,0
2024-09-02,SNK-06,Snacks,1443,0
2024-09-09,SNK-06,Snacks,1903,0
2024-09-16,SNK-06,Snacks,510,0
2024-09-23,SNK-06,Snacks,1311,1
2024-09-30,SNK-06,Snacks,403,1
2024-10-07,SNK-06,Snacks,1066,0
2024-10-14,SNK-06,Snacks,528,0
2024-10-21,SNK-06,Snacks,370,0
2024-10-28,SNK-06,Snacks,648,0
2024-11-04,SNK-06,Snacks,590,0
2024-11-11,SNK-06,Snacks,659,0
2024-11-18,SNK-06,Snacks,1554,0
2024-11-25,SNK-06,Snacks,492,0
2024-12-02,SNK-06,Snacks,2621,0
2024-12-09,SNK-06,Snacks,339,0
2024-12-16,SNK-06,Snacks,2364,0
2024-12-23,SNK-06,Snacks,526,1
2022-01-03,SNK-07,Snacks,179,0
2022-01-10,SNK-07,Snacks,244,0
2022-01-17,SNK-07,Snacks,241,0
2022-01-24,SNK-07,Snacks,352,0
2022-01-31,SNK-07,Snacks,176,0
2022-02-07,SNK-07,Snacks,285,0
2022-02-14,SNK-07,Snacks,213,0
2022-02-21,SNK-07,Snacks,358,0
2022-02-28,SNK-07,Snacks,327,0
2022-03-07,SNK-07,Snacks,215,0
2022-03-14,SNK-07,Snacks,179,0
2022-03-21,SNK-07,Snacks,236,0
2022-03-28,SNK-07,Snacks,181,0
2022-04-04,SNK-07,Snacks,357,0
2022-04-11,SNK-07,Snacks,195,0
2022-04-18,SNK-07,Snacks,162,0
2022-04-25,SNK-07,Snacks,157,0
2022-05-02,SNK-07,Snacks,117,0
2022-05-09,SNK-07,Snacks,221,0
2022-05-16,SNK-07,Snacks,131,0
2022-05-23,SNK-07,Snacks,261,0
2022-05-30,SNK-07,Snacks,106,0
2022-06-06,SNK-07,Snacks,175,0
2022-06-13,SNK-07,Snacks,251,0
2022-06-20,SNK-07,Snacks,73,0
2022-06-27,SNK-07,Snacks,337,0
2022-07-04,SNK-07,Snacks,136,0
2022-07-11,SNK-07,Snacks,167,0
2022-07-18,SNK-07,Snacks,198,0
2022-07-25,SNK-07,Snacks,213,0
2022-08-01,SNK-07,Snacks,184,0
2022-08-08,SNK-07,Snacks,248,0
2022-08-15,SNK-07,Snacks,215,0
2022-08-22,SNK-07,Snacks,355,0
2022-08-29,SNK-07,Snacks,235,0
2022-09-05,SNK-07,Snacks,420,0
2022-09-12,SNK-07,Snacks,440,1
2022-09-19,SNK-07,Snacks,115,0
2022-09-26,SNK-07,Snacks,613,0
2022-10-03,SNK-07,Snacks,233,1
2022-10-10,SNK-07,Snacks,439,0
2022-10-17,SNK-07,Snacks,263,0
2022-10-24,SNK-07,Snacks,396,0
2022-10-31,SNK-07,Snacks,212,0
2022-11-07,SNK-07,Snacks,350,0
2022-11-14,SNK-07,Snacks,255,0
2022-11-21,SNK-07,Snacks,505,0
2022-11-28,SNK-07,Snacks,331,0
2022-12-05,SNK-07,Snacks,395,0
2022-12-12,SNK-07,Snacks,124,0
2022-12-19,SNK-07,Snacks,264,0
2022-12-26,SNK-07,Snacks,311,0
2023-01-02,SNK-07,Snacks,284,0
2023-01-09,SNK-07,Snacks,483,1
2023-01-16,SNK-07,Snacks,218,0
2023-01-23,SNK-07,Snacks,248,0
2023-01-30,SNK-07,Snacks,368,0
2023-02-06,SNK-07,Snacks,100,0
2023-02-13,SNK-07,Snacks,283,0
2023-02-20,SNK-07,Snacks,197,0
2023-02-27,SNK-07,Snacks,157,0
2023-03-06,SNK-07,Snacks,245,0
2023-03-13,SNK-07,Snacks,336,0
2023-03-20,SNK-07,Snacks,310,0
2023-03-27,SNK-07,Snacks,199,0
2023-04-03,SNK-07,Snacks,287,0
2023-04-10,SNK-07,Snacks,283,0
2023-04-17,SNK-07,Snacks,197,0
2023-04-24,SNK-07,Snacks,155,0
2023-05-01,SNK-07,Snacks,157,0
2023-05-08,SNK-07,Snacks,266,0
2023-05-15,SNK-07,Snacks,189,0
2023-05-22,SNK-07,Snacks,128,0
2023-05-29,SNK-07,Snacks,99,0
2023-06-05,SNK-07,Snacks,246,0
2023-06-12,SNK-07,Snacks,145,0
2023-06-19,SNK-07,Snacks,198,0
2023-06-26,SNK-07,Snacks,273,0
2023-07-03,SNK-07,Snacks,106,0
2023-07-10,SNK-07,Snacks,169,0
2023-07-17,SNK-07,Snacks,162,0
2023-07-24,SNK-07,Snacks,201,0
2023-07-31,SNK-07,Snacks,388,1
2023-08-07,SNK-07,Snacks,113,0
2023-08-14,SNK-07,Snacks,235,0
2023-08-21,SNK-07,Snacks,291,0
2023-08-28,SNK-07,Snacks,194,0
2023-09-04,SNK-07,Snacks,207,0
2023-09-11,SNK-07,Snacks,266,0
2023-09-18,SNK-07,Snacks,272,0
2023-09-25,SNK-07,Snacks,310,0
2023-10-02,SNK-07,Snacks,321,0
2023-10-09,SNK-07,Snacks,329,1
2023-10-16,SNK-07,Snacks,403,0
2023-10-23,SNK-07,Snacks,443,0
2023-10-30,SNK-07,Snacks,315,0
2023-11-06,SNK-07,Snacks,172,0
2023-11-13,SNK-07,Snacks,290,0
2023-11-20,SNK-07,Snacks,326,0
2023-11-27,SNK-07,Snacks,199,0
2023-12-04,SNK-07,Snacks,264,0
2023-12-11,SNK-07,Snacks,177,0
2023-12-18,SNK-07,Snacks,369,0
2023-12-25,SNK-07,Snacks,308,0
2024-01-01,SNK-07,Snacks,154,0
2024-01-08,SNK-07,Snacks,315,0
2024-01-15,SNK-07,Snacks,265,0
2024-01-22,SNK-07,Snacks,319,0
2024-01-29,SNK-07,Snacks,223,0
2024-02-05,SNK-07,Snacks,187,0
2024-02-12,SNK-07,Snacks,294,1
2024-02-19,SNK-07,Snacks,198,0
2024-02-26,SNK-07,Snacks,239,0
2024-03-04,SNK-07,Snacks,395,1
2024-03-11,SNK-07,Snacks,215,0
2024-03-18,SNK-07,Snacks,196,0
2024-03-25,SNK-07,Snacks,199,0
2024-04-01,SNK-07,Snacks,566,0
2024-04-08,SNK-07,Snacks,167,0
2024-04-15,SNK-07,Snacks,179,0
2024-04-22,SNK-07,Snacks,734,0
2024-04-29,SNK-07,Snacks,250,0
2024-05-06,SNK-07,Snacks,127,0
2024-05-13,SNK-07,Snacks,283,0
2024-05-20,SNK-07,Snacks,146,0
2024-05-27,SNK-07,Snacks,280,0
2024-06-03,SNK-07,Snacks,181,0
2024-06-10,SNK-07,Snacks,164,0
2024-06-17,SNK-07,Snacks,343,0
2024-06-24,SNK-07,Snacks,231,0
2024-07-01,SNK-07,Snacks,266,0
2024-07-08,SNK-07,Snacks,217,0
2024-07-15,SNK-07,Snacks,158,0
2024-07-22,SNK-07,Snacks,236,0
2024-07-29,SNK-07,Snacks,300,0
2024-08-05,SNK-07,Snacks,326,1
2024-08-12,SNK-07,Snacks,398,0
2024-08-19,SNK-07,Snacks,379,1
2024-08-26,SNK-07,Snacks,240,0
2024-09-02,SNK-07,Snacks,256,0
2024-09-09,SNK-07,Snacks,257,0
2024-09-16,SNK-07,Snacks,161,0
2024-09-23,SNK-07,Snacks,259,0
2024-09-30,SNK-07,Snacks,303,0
2024-10-07,SNK-07,Snacks,249,0
2024-10-14,SNK-07,Snacks,340,0
2024-10-21,SNK-07,Snacks,311,0
2024-10-28,SNK-07,Snacks,676,1
2024-11-04,SNK-07,Snacks,411,0
2024-11-11,SNK-07,Snacks,346,0
2024-11-18,SNK-07,Snacks,198,0
2024-11-25,SNK-07,Snacks,635,0
2024-12-02,SNK-07,Snacks,310,0
2024-12-09,SNK-07,Snacks,314,0
2024-12-16,SNK-07,Snacks,281,0
2024-12-23,SNK-07,Snacks,262,0
2022-01-03,SNK-08,Snacks,42,0
2022-01-10,SNK-08,Snacks,56,0
2022-01-17,SNK-08,Snacks,58,0
2022-01-24,SNK-08,Snacks,70,0
2022-01-31,SNK-08,Snacks,41,0
2022-02-07,SNK-08,Snacks,41,0
2022-02-14,SNK-08,Snacks,25,0
2022-02-21,SNK-08,Snacks,39,0
2022-02-28,SNK-08,Snacks,24,0
2022-03-07,SNK-08,Snacks,19,0
2022-03-14,SNK-08,Snacks,25,0
2022-03-21,SNK-08,Snacks,76,0
2022-03-28,SNK-08,Snacks,35,0
2022-04-04,SNK-08,Snacks,43,0
2022-04-11,SNK-08,Snacks,31,0
2022-04-18,SNK-08,Snacks,18,0
2022-04-25,SNK-08,Snacks,57,0
2022-05-02,SNK-08,Snacks,15,0
2022-05-09,SNK-08,Snacks,29,0
2022-05-16,SNK-08,Snacks,36,0
2022-05-23,SNK-08,Snacks,39,0
2022-05-30,SNK-08,Snacks,26,0
2022-06-06,SNK-08,Snacks,16,0
2022-06-13,SNK-08,Snacks,24,0
2022-06-20,SNK-08,Snacks,24,0
2022-06-27,SNK-08,Snacks,23,0
2022-07-04,SNK-08,Snacks,49,0
2022-07-11,SNK-08,Snacks,19,0
2022-07-18,SNK-08,Snacks,37,0
2022-07-25,SNK-08,Snacks,35,0
2022-08-01,SNK-08,Snacks,50,0
2022-08-08,SNK-08,Snacks,33,0
2022-08-15,SNK-08,Snacks,50,0
2022-08-22,SNK-08,Snacks,55,1
2022-08-29,SNK-08,Snacks,47,0
2022-09-05,SNK-08,Snacks,22,0
2022-09-12,SNK-08,Snacks,14,0
2022-09-19,SNK-08,Snacks,54,0
2022-09-26,SNK-08,Snacks,99,1
2022-10-03,SNK-08,Snacks,61,0
2022-10-10,SNK-08,Snacks,42,0
2022-10-17,SNK-08,Snacks,103,0
2022-10-24,SNK-08,Snacks,64,1
2022-10-31,SNK-08,Snacks,110,1
2022-11-07,SNK-08,Snacks,76,0
2022-11-14,SNK-08,Snacks,125,0
2022-11-21,SNK-08,Snacks,53,0
2022-11-28,SNK-08,Snacks,46,0
2022-12-05,SNK-08,Snacks,32,0
2022-12-12,SNK-08,Snacks,116,0
2022-12-19,SNK-08,Snacks,71,0
2022-12-26,SNK-08,Snacks,71,0
2023-01-02,SNK-08,Snacks,216,0
2023-01-09,SNK-08,Snacks,93,1
2023-01-16,SNK-08,Snacks,31,0
2023-01-23,SNK-08,Snacks,49,0
2023-01-30,SNK-08,Snacks,43,1
2023-02-06,SNK-08,Snacks,43,0
2023-02-13,SNK-08,Snacks,42,0
2023-02-20,SNK-08,Snacks,38,0
2023-02-27,SNK-08,Snacks,26,0
2023-03-06,SNK-08,Snacks,93,0
2023-03-13,SNK-08,Snacks,53,0
2023-03-20,SNK-08,Snacks,42,0
2023-03-27,SNK-08,Snacks,63,0
2023-04-03,SNK-08,Snacks,55,0
2023-04-10,SNK-08,Snacks,50,0
2023-04-17,SNK-08,Snacks,59,0
2023-04-24,SNK-08,Snacks,46,0
2023-05-01,SNK-08,Snacks,57,0
2023-05-08,SNK-08,Snacks,58,0
2023-05-15,SNK-08,Snacks,45,0
2023-05-22,SNK-08,Snacks,37,0
2023-05-29,SNK-08,Snacks,77,0
2023-06-05,SNK-08,Snacks,32,0
2023-06-12,SNK-08,Snacks,46,0
2023-06-19,SNK-08,Snacks,45,0
2023-06-26,SNK-08,Snacks,29,0
2023-07-03,SNK-08,Snacks,26,0
2023-07-10,SNK-08,Snacks,32,0
2023-07-17,SNK-08,Snacks,30,0
2023-07-24,SNK-08,Snacks,20,0
2023-07-31,SNK-08,Snacks,29,0
2023-08-07,SNK-08,Snacks,44,0
2023-08-14,SNK-08,Snacks,69,0
2023-08-21,SNK-08,Snacks,53,0
2023-08-28,SNK-08,Snacks,15,0
2023-09-04,SNK-08,Snacks,61,0
2023-09-11,SNK-08,Snacks,39,0
2023-09-18,SNK-08,Snacks,89,1
2023-09-25,SNK-08,Snacks,54,0
2023-10-02,SNK-08,Snacks,52,0
2023-10-09,SNK-08,Snacks,57,0
2023-10-16,SNK-08,Snacks,61,0
2023-10-23,SNK-08,Snacks,113,0
2023-10-30,SNK-08,Snacks,65,0
2023-11-06,SNK-08,Snacks,107,0
2023-11-13,SNK-08,Snacks,102,0
2023-11-20,SNK-08,Snacks,91,0
2023-11-27,SNK-08,Snacks,32,0
2023-12-04,SNK-08,Snacks,136,1
2023-12-11,SNK-08,Snacks,56,0
2023-12-18,SNK-08,Snacks,92,0
2023-12-25,SNK-08,Snacks,44,0
2024-01-01,SNK-08,Snacks,39,0
2024-01-08,SNK-08,Snacks,149,0
2024-01-15,SNK-08,Snacks,42,0
2024-01-22,SNK-08,Snacks,100,0
2024-01-29,SNK-08,Snacks,63,0
2024-02-05,SNK-08,Snacks,49,0
2024-02-12,SNK-08,Snacks,56,0
2024-02-19,SNK-08,Snacks,32,0
2024-02-26,SNK-08,Snacks,54,0
2024-03-04,SNK-08,Snacks,34,0
2024-03-11,SNK-08,Snacks,45,0
2024-03-18,SNK-08,Snacks,78,0
2024-03-25,SNK-08,Snacks,58,0
2024-04-01,SNK-08,Snacks,27,0
2024-04-08,SNK-08,Snacks,73,0
2024-04-15,SNK-08,Snacks,50,0
2024-04-22,SNK-08,Snacks,39,0
2024-04-29,SNK-08,Snacks,68,0
2024-05-06,SNK-08,Snacks,45,0
2024-05-13,SNK-08,Snacks,29,0
2024-05-20,SNK-08,Snacks,103,0
2024-05-27,SNK-08,Snacks,69,1
2024-06-03,SNK-08,Snacks,44,0
2024-06-10,SNK-08,Snacks,37,0
2024-06-17,SNK-08,Snacks,72,0
2024-06-24,SNK-08,Snacks,34,0
2024-07-01,SNK-08,Snacks,22,0
2024-07-08,SNK-08,Snacks,31,0
2024-07-15,SNK-08,Snacks,74,0
2024-07-22,SNK-08,Snacks,60,0
2024-07-29,SNK-08,Snacks,39,0
2024-08-05,SNK-08,Snacks,80,0
2024-08-12,SNK-08,Snacks,63,0
2024-08-19,SNK-08,Snacks,43,0
2024-08-26,SNK-08,Snacks,46,0
2024-09-02,SNK-08,Snacks,60,0
2024-09-09,SNK-08,Snacks,39,0
2024-09-16,SNK-08,Snacks,79,1
2024-09-23,SNK-08,Snacks,70,0
2024-09-30,SNK-08,Snacks,31,0
2024-10-07,SNK-08,Snacks,62,0
2024-10-14,SNK-08,Snacks,87,1
2024-10-21,SNK-08,Snacks,112,0
2024-10-28,SNK-08,Snacks,34,0
2024-11-04,SNK-08,Snacks,65,0
2024-11-11,SNK-08,Snacks,63,0
2024-11-18,SNK-08,Snacks,118,0
2024-11-25,SNK-08,Snacks,77,0
2024-12-02,SNK-08,Snacks,170,0
2024-12-09,SNK-08,Snacks,104,0
2024-12-16,SNK-08,Snacks,65,0
2024-12-23,SNK-08,Snacks,85,0
2022-01-03,SNK-09,Snacks,244,0
2022-01-10,SNK-09,Snacks,187,0
2022-01-17,SNK-09,Snacks,353,1
2022-01-24,SNK-09,Snacks,255,0
2022-01-31,SNK-09,Snacks,264,0
2022-02-07,SNK-09,Snacks,218,0
2022-02-14,SNK-09,Snacks,146,0
2022-02-21,SNK-09,Snacks,161,0
2022-02-28,SNK-09,Snacks,308,0
2022-03-07,SNK-09,Snacks,168,0
2022-03-14,SNK-09,Snacks,431,1
2022-03-21,SNK-09,Snacks,168,0
2022-03-28,SNK-09,Snacks,191,0
2022-04-04,SNK-09,Snacks,219,0
2022-04-11,SNK-09,Snacks,165,0
2022-04-18,SNK-09,Snacks,255,0
2022-04-25,SNK-09,Snacks,189,0
2022-05-02,SNK-09,Snacks,199,0
2022-05-09,SNK-09,Snacks,170,0
2022-05-16,SNK-09,Snacks,198,0
2022-05-23,SNK-09,Snacks,229,0
2022-05-30,SNK-09,Snacks,162,0
2022-06-06,SNK-09,Snacks,224,0
2022-06-13,SNK-09,Snacks,141,0
2022-06-20,SNK-09,Snacks,178,0
2022-06-27,SNK-09,Snacks,166,0
2022-07-04,SNK-09,Snacks,123,0
2022-07-11,SNK-09,Snacks,156,0
2022-07-18,SNK-09,Snacks,151,0
2022-07-25,SNK-09,Snacks,130,0
2022-08-01,SNK-09,Snacks,168,0
2022-08-08,SNK-09,Snacks,167,0
2022-08-15,SNK-09,Snacks,168,0
2022-08-22,SNK-09,Snacks,177,0
2022-08-29,SNK-09,Snacks,186,0
2022-09-05,SNK-09,Snacks,187,0
2022-09-12,SNK-09,Snacks,218,0
2022-09-19,SNK-09,Snacks,199,0
2022-09-26,SNK-09,Snacks,607,1
2022-10-03,SNK-09,Snacks,253,1
2022-10-10,SNK-09,Snacks,234,0
2022-10-17,SNK-09,Snacks,246,0
2022-10-24,SNK-09,Snacks,409,0
2022-10-31,SNK-09,Snacks,224,0
2022-11-07,SNK-09,Snacks,316,0
2022-11-14,SNK-09,Snacks,310,0
2022-11-21,SNK-09,Snacks,316,0
2022-11-28,SNK-09,Snacks,374,0
2022-12-05,SNK-09,Snacks,370,0
2022-12-12,SNK-09,Snacks,268,0
2022-12-19,SNK-09,Snacks,297,0
2022-12-26,SNK-09,Snacks,198,0
2023-01-02,SNK-09,Snacks,278,0
2023-01-09,SNK-09,Snacks,229,0
2023-01-16,SNK-09,Snacks,249,0
2023-01-23,SNK-09,Snacks,182,0
2023-01-30,SNK-09,Snacks,261,0
2023-02-06,SNK-09,Snacks,172,0
2023-02-13,SNK-09,Snacks,235,0
2023-02-20,SNK-09,Snacks,178,0
2023-02-27,SNK-09,Snacks,186,0
2023-03-06,SNK-09,Snacks,266,0
2023-03-13,SNK-09,Snacks,235,0
2023-03-20,SNK-09,Snacks,257,0
2023-03-27,SNK-09,Snacks,274,0
2023-04-03,SNK-09,Snacks,175,0
2023-04-10,SNK-09,Snacks,263,0
2023-04-17,SNK-09,Snacks,149,0
2023-04-24,SNK-09,Snacks,222,0
2023-05-01,SNK-09,Snacks,173,0
2023-05-08,SNK-09,Snacks,156,0
2023-05-15,SNK-09,Snacks,204,0
2023-05-22,SNK-09,Snacks,212,0
2023-05-29,SNK-09,Snacks,205,0
2023-06-05,SNK-09,Snacks,175,0
2023-06-12,SNK-09,Snacks,168,0
2023-06-19,SNK-09,Snacks,177,0
2023-06-26,SNK-09,Snacks,167,0
2023-07-03,SNK-09,Snacks,172,0
2023-07-10,SNK-09,Snacks,161,0
2023-07-17,SNK-09,Snacks,182,0
2023-07-24,SNK-09,Snacks,116,0
2023-07-31,SNK-09,Snacks,158,0
2023-08-07,SNK-09,Snacks,129,0
2023-08-14,SNK-09,Snacks,184,0
2023-08-21,SNK-09,Snacks,249,0
2023-08-28,SNK-09,Snacks,178,0
2023-09-04,SNK-09,Snacks,210,0
2023-09-11,SNK-09,Snacks,251,0
2023-09-18,SNK-09,Snacks,157,0
2023-09-25,SNK-09,Snacks,221,0
2023-10-02,SNK-09,Snacks,274,0
2023-10-09,SNK-09,Snacks,156,0
2023-10-16,SNK-09,Snacks,232,0
2023-10-23,SNK-09,Snacks,353,0
2023-10-30,SNK-09,Snacks,356,0
2023-11-06,SNK-09,Snacks,323,0
2023-11-13,SNK-09,Snacks,360,0
2023-11-20,SNK-09,Snacks,320,0
2023-11-27,SNK-09,Snacks,341,0
2023-12-04,SNK-09,Snacks,288,0
2023-12-11,SNK-09,Snacks,309,0
2023-12-18,SNK-09,Snacks,264,0
2023-12-25,SNK-09,Snacks,368,0
2024-01-01,SNK-09,Snacks,377,0
2024-01-08,SNK-09,Snacks,357,0
2024-01-15,SNK-09,Snacks,248,0
2024-01-22,SNK-09,Snacks,217,0
2024-01-29,SNK-09,Snacks,320,0
2024-02-05,SNK-09,Snacks,271,0
2024-02-12,SNK-09,Snacks,253,0
2024-02-19,SNK-09,Snacks,206,0
2024-02-26,SNK-09,Snacks,246,0
2024-03-04,SNK-09,Snacks,182,0
2024-03-11,SNK-09,Snacks,246,0
2024-03-18,SNK-09,Snacks,278,0
2024-03-25,SNK-09,Snacks,288,0
2024-04-01,SNK-09,Snacks,239,0
2024-04-08,SNK-09,Snacks,160,0
2024-04-15,SNK-09,Snacks,211,0
2024-04-22,SNK-09,Snacks,369,1
2024-04-29,SNK-09,Snacks,237,1
2024-05-06,SNK-09,Snacks,191,0
2024-05-13,SNK-09,Snacks,246,0
2024-05-20,SNK-09,Snacks,207,0
2024-05-27,SNK-09,Snacks,286,0
2024-06-03,SNK-09,Snacks,153,0
2024-06-10,SNK-09,Snacks,142,0
2024-06-17,SNK-09,Snacks,209,0
2024-06-24,SNK-09,Snacks,131,0
2024-07-01,SNK-09,Snacks,155,0
2024-07-08,SNK-09,Snacks,158,0
2024-07-15,SNK-09,Snacks,195,0
2024-07-22,SNK-09,Snacks,182,0
2024-07-29,SNK-09,Snacks,181,0
2024-08-05,SNK-09,Snacks,188,1
2024-08-12,SNK-09,Snacks,225,0
2024-08-19,SNK-09,Snacks,399,0
2024-08-26,SNK-09,Snacks,226,0
2024-09-02,SNK-09,Snacks,214,0
2024-09-09,SNK-09,Snacks,175,0
2024-09-16,SNK-09,Snacks,210,0
2024-09-23,SNK-09,Snacks,240,0
2024-09-30,SNK-09,Snacks,237,0
2024-10-07,SNK-09,Snacks,274,0
2024-10-14,SNK-09,Snacks,399,0
2024-10-21,SNK-09,Snacks,374,0
2024-10-28,SNK-09,Snacks,296,0
2024-11-04,SNK-09,Snacks,248,0
2024-11-11,SNK-09,Snacks,405,0
2024-11-18,SNK-09,Snacks,315,0
2024-11-25,SNK-09,Snacks,231,0
2024-12-02,SNK-09,Snacks,362,0
2024-12-09,SNK-09,Snacks,379,0
2024-12-16,SNK-09,Snacks,196,0
2024-12-23,SNK-09,Snacks,259,0
2022-01-03,FRZ-01,Frozen Foods,181,0
2022-01-10,FRZ-01,Frozen Foods,62,0
2022-01-17,FRZ-01,Frozen Foods,104,0
2022-01-24,FRZ-01,Frozen Foods,69,0
2022-01-31,FRZ-01,Frozen Foods,76,0
2022-02-07,FRZ-01,Frozen Foods,304,0
2022-02-14,FRZ-01,Frozen Foods,201,0
2022-02-21,FRZ-01,Frozen Foods,80,0
2022-02-28,FRZ-01,Frozen Foods,93,0
2022-03-07,FRZ-01,Frozen Foods,45,0
2022-03-14,FRZ-01,Frozen Foods,73,0
2022-03-21,FRZ-01,Frozen Foods,115,0
2022-03-28,FRZ-01,Frozen Foods,190,0
2022-04-04,FRZ-01,Frozen Foods,180,0
2022-04-11,FRZ-01,Frozen Foods,38,0
2022-04-18,FRZ-01,Frozen Foods,233,0
2022-04-25,FRZ-01,Frozen Foods,96,0
2022-05-02,FRZ-01,Frozen Foods,46,0
2022-05-09,FRZ-01,Frozen Foods,335,0
2022-05-16,FRZ-01,Frozen Foods,376,0
2022-05-23,FRZ-01,Frozen Foods,136,0
2022-05-30,FRZ-01,Frozen Foods,311,1
2022-06-06,FRZ-01,Frozen Foods,207,0
2022-06-13,FRZ-01,Frozen Foods,349,0
2022-06-20,FRZ-01,Frozen Foods,195,0
2022-06-27,FRZ-01,Frozen Foods,33,0
2022-07-04,FRZ-01,Frozen Foods,560,0
2022-07-11,FRZ-01,Frozen Foods,245,0
2022-07-18,FRZ-01,Frozen Foods,62,0
2022-07-25,FRZ-01,Frozen Foods,39,0
2022-08-01,FRZ-01,Frozen Foods,142,0
2022-08-08,FRZ-01,Frozen Foods,71,0
2022-08-15,FRZ-01,Frozen Foods,117,0
2022-08-22,FRZ-01,Frozen Foods,164,0
2022-08-29,FRZ-01,Frozen Foods,53,0
2022-09-05,FRZ-01,Frozen Foods,33,0
2022-09-12,FRZ-01,Frozen Foods,116,0
2022-09-19,FRZ-01,Frozen Foods,52,0
2022-09-26,FRZ-01,Frozen Foods,92,0
2022-10-03,FRZ-01,Frozen Foods,26,0
2022-10-10,FRZ-01,Frozen Foods,65,0
2022-10-17,FRZ-01,Frozen Foods,146,0
2022-10-24,FRZ-01,Frozen Foods,132,0
2022-10-31,FRZ-01,Frozen Foods,40,0
2022-11-07,FRZ-01,Frozen Foods,28,0
2022-11-14,FRZ-01,Frozen Foods,76,0
2022-11-21,FRZ-01,Frozen Foods,119,0
2022-11-28,FRZ-01,Frozen Foods,103,0
2022-12-05,FRZ-01,Frozen Foods,46,0
2022-12-12,FRZ-01,Frozen Foods,90,0
2022-12-19,FRZ-01,Frozen Foods,249,0
2022-12-26,FRZ-01,Frozen Foods,81,0
2023-01-02,FRZ-01,Frozen Foods,17,0
2023-01-09,FRZ-01,Frozen Foods,81,0
2023-01-16,FRZ-01,Frozen Foods,389,0
2023-01-23,FRZ-01,Frozen Foods,23,0
2023-01-30,FRZ-01,Frozen Foods,72,0
2023-02-06,FRZ-01,Frozen Foods,59,0
2023-02-13,FRZ-01,Frozen Foods,80,0
2023-02-20,FRZ-01,Frozen Foods,91,0
2023-02-27,FRZ-01,Frozen Foods,211,0
2023-03-06,FRZ-01,Frozen Foods,90,0
2023-03-13,FRZ-01,Frozen Foods,259,0
2023-03-20,FRZ-01,Frozen Foods,82,0
2023-03-27,FRZ-01,Frozen Foods,70,0
2023-04-03,FRZ-01,Frozen Foods,55,0
2023-04-10,FRZ-01,Frozen Foods,21,0
2023-04-17,FRZ-01,Frozen Foods,132,0
2023-04-24,FRZ-01,Frozen Foods,617,0
2023-05-01,FRZ-01,Frozen Foods,161,0
2023-05-08,FRZ-01,Frozen Foods,199,0
2023-05-15,FRZ-01,Frozen Foods,79,0
2023-05-22,FRZ-01,Frozen Foods,91,0
2023-05-29,FRZ-01,Frozen Foods,260,0
2023-06-05,FRZ-01,Frozen Foods,618,0
2023-06-12,FRZ-01,Frozen Foods,393,0
2023-06-19,FRZ-01,Frozen Foods,216,0
2023-06-26,FRZ-01,Frozen Foods,110,0
2023-07-03,FRZ-01,Frozen Foods,125,0
2023-07-10,FRZ-01,Frozen Foods,54,0
2023-07-17,FRZ-01,Frozen Foods,29,0
2023-07-24,FRZ-01,Frozen Foods,37,0
2023-07-31,FRZ-01,Frozen Foods,100,0
2023-08-07,FRZ-01,Frozen Foods,73,0
2023-08-14,FRZ-01,Frozen Foods,26,0
2023-08-21,FRZ-01,Frozen Foods,87,0
2023-08-28,FRZ-01,Frozen Foods,68,0
2023-09-04,FRZ-01,Frozen Foods,37,1
2023-09-11,FRZ-01,Frozen Foods,63,0
2023-09-18,FRZ-01,Frozen Foods,88,1
2023-09-25,FRZ-01,Frozen Foods,50,0
2023-10-02,FRZ-01,Frozen Foods,185,0
2023-10-09,FRZ-01,Frozen Foods,16,0
2023-10-16,FRZ-01,Frozen Foods,15,0
2023-10-23,FRZ-01,Frozen Foods,82,0
2023-10-30,FRZ-01,Frozen Foods,87,0
2023-11-06,FRZ-01,Frozen Foods,112,0
2023-11-13,FRZ-01,Frozen Foods,49,0
2023-11-20,FRZ-01,Frozen Foods,41,1
2023-11-27,FRZ-01,Frozen Foods,75,0
2023-12-04,FRZ-01,Frozen Foods,51,0
2023-12-11,FRZ-01,Frozen Foods,375,1
2023-12-18,FRZ-01,Frozen Foods,54,0
2023-12-25,FRZ-01,Frozen Foods,68,0
2024-01-01,FRZ-01,Frozen Foods,692,1
2024-01-08,FRZ-01,Frozen Foods,59,0
2024-01-15,FRZ-01,Frozen Foods,113,0
2024-01-22,FRZ-01,Frozen Foods,123,0
2024-01-29,FRZ-01,Frozen Foods,135,0
2024-02-05,FRZ-01,Frozen Foods,95,0
2024-02-12,FRZ-01,Frozen Foods,90,0
2024-02-19,FRZ-01,Frozen Foods,86,0
2024-02-26,FRZ-01,Frozen Foods,50,0
2024-03-04,FRZ-01,Frozen Foods,113,0
2024-03-11,FRZ-01,Frozen Foods,505,0
2024-03-18,FRZ-01,Frozen Foods,262,0
2024-03-25,FRZ-01,Frozen Foods,126,0
2024-04-01,FRZ-01,Frozen Foods,209,0
2024-04-08,FRZ-01,Frozen Foods,50,0
2024-04-15,FRZ-01,Frozen Foods,86,0
2024-04-22,FRZ-01,Frozen Foods,248,0
2024-04-29,FRZ-01,Frozen Foods,401,0
2024-05-06,FRZ-01,Frozen Foods,59,0
2024-05-13,FRZ-01,Frozen Foods,77,0
2024-05-20,FRZ-01,Frozen Foods,747,0
2024-05-27,FRZ-01,Frozen Foods,126,0
2024-06-03,FRZ-01,Frozen Foods,548,0
2024-06-10,FRZ-01,Frozen Foods,137,0
2024-06-17,FRZ-01,Frozen Foods,139,0
2024-06-24,FRZ-01,Frozen Foods,86,0
2024-07-01,FRZ-01,Frozen Foods,243,0
2024-07-08,FRZ-01,Frozen Foods,340,0
2024-07-15,FRZ-01,Frozen Foods,43,0
2024-07-22,FRZ-01,Frozen Foods,75,0
2024-07-29,FRZ-01,Frozen Foods,217,0
2024-08-05,FRZ-01,Frozen Foods,87,0
2024-08-12,FRZ-01,Frozen Foods,63,0
2024-08-19,FRZ-01,Frozen Foods,259,1
2024-08-26,FRZ-01,Frozen Foods,236,0
2024-09-02,FRZ-01,Frozen Foods,62,0
2024-09-09,FRZ-01,Frozen Foods,108,0
2024-09-16,FRZ-01,Frozen Foods,32,0
2024-09-23,FRZ-01,Frozen Foods,41,0
2024-09-30,FRZ-01,Frozen Foods,97,0
2024-10-07,FRZ-01,Frozen Foods,89,0
2024-10-14,FRZ-01,Frozen Foods,37,0
2024-10-21,FRZ-01,Frozen Foods,46,0
2024-10-28,FRZ-01,Frozen Foods,34,0
2024-11-04,FRZ-01,Frozen Foods,121,0
2024-11-11,FRZ-01,Frozen Foods,15,0
2024-11-18,FRZ-01,Frozen Foods,34,0
2024-11-25,FRZ-01,Frozen Foods,16,0
2024-12-02,FRZ-01,Frozen Foods,141,1
2024-12-09,FRZ-01,Frozen Foods,16,0
2024-12-16,FRZ-01,Frozen Foods,77,0
2024-12-23,FRZ-01,Frozen Foods,298,0
2022-01-03,FRZ-02,Frozen Foods,474,0
2022-01-10,FRZ-02,Frozen Foods,736,0
2022-01-17,FRZ-02,Frozen Foods,570,0
2022-01-24,FRZ-02,Frozen Foods,751,0
2022-01-31,FRZ-02,Frozen Foods,299,0
2022-02-07,FRZ-02,Frozen Foods,187,0
2022-02-14,FRZ-02,Frozen Foods,1385,0
2022-02-21,FRZ-02,Frozen Foods,130,0
2022-02-28,FRZ-02,Frozen Foods,146,0
2022-03-07,FRZ-02,Frozen Foods,579,0
2022-03-14,FRZ-02,Frozen Foods,1239,0
2022-03-21,FRZ-02,Frozen Foods,508,0
2022-03-28,FRZ-02,Frozen Foods,1172,1
2022-04-04,FRZ-02,Frozen Foods,134,0
2022-04-11,FRZ-02,Frozen Foods,539,1
2022-04-18,FRZ-02,Frozen Foods,160,0
2022-04-25,FRZ-02,Frozen Foods,965,0
2022-05-02,FRZ-02,Frozen Foods,213,0
2022-05-09,FRZ-02,Frozen Foods,262,0
2022-05-16,FRZ-02,Frozen Foods,876,0
2022-05-23,FRZ-02,Frozen Foods,1276,0
2022-05-30,FRZ-02,Frozen Foods,572,0
2022-06-06,FRZ-02,Frozen Foods,927,0
2022-06-13,FRZ-02,Frozen Foods,902,0
2022-06-20,FRZ-02,Frozen Foods,541,0
2022-06-27,FRZ-02,Frozen Foods,297,0
2022-07-04,FRZ-02,Frozen Foods,873,0
2022-07-11,FRZ-02,Frozen Foods,878,0
2022-07-18,FRZ-02,Frozen Foods,1028,0
2022-07-25,FRZ-02,Frozen Foods,679,0
2022-08-01,FRZ-02,Frozen Foods,247,0
2022-08-08,FRZ-02,Frozen Foods,820,0
2022-08-15,FRZ-02,Frozen Foods,503,0
2022-08-22,FRZ-02,Frozen Foods,355,0
2022-08-29,FRZ-02,Frozen Foods,392,0
2022-09-05,FRZ-02,Frozen Foods,295,0
2022-09-12,FRZ-02,Frozen Foods,822,0
2022-09-19,FRZ-02,Frozen Foods,175,0
2022-09-26,FRZ-02,Frozen Foods,228,0
2022-10-03,FRZ-02,Frozen Foods,350,0
2022-10-10,FRZ-02,Frozen Foods,1249,0
2022-10-17,FRZ-02,Frozen Foods,1425,1
2022-10-24,FRZ-02,Frozen Foods,141,0
2022-10-31,FRZ-02,Frozen Foods,1004,0
2022-11-07,FRZ-02,Frozen Foods,985,0
2022-11-14,FRZ-02,Frozen Foods,181,0
2022-11-21,FRZ-02,Frozen Foods,73,0
2022-11-28,FRZ-02,Frozen Foods,359,0
2022-12-05,FRZ-02,Frozen Foods,771,0
2022-12-12,FRZ-02,Frozen Foods,1024,0
2022-12-19,FRZ-02,Frozen Foods,195,0
2022-12-26,FRZ-02,Frozen Foods,1082,0
2023-01-02,FRZ-02,Frozen Foods,76,0
2023-01-09,FRZ-02,Frozen Foods,257,0
2023-01-16,FRZ-02,Frozen Foods,247,0
2023-01-23,FRZ-02,Frozen Foods,699,0
2023-01-30,FRZ-02,Frozen Foods,780,0
2023-02-06,FRZ-02,Frozen Foods,636,0
2023-02-13,FRZ-02,Frozen Foods,143,0
2023-02-20,FRZ-02,Frozen Foods,646,0
2023-02-27,FRZ-02,Frozen Foods,538,0
2023-03-06,FRZ-02,Frozen Foods,134,0
2023-03-13,FRZ-02,Frozen Foods,109,0
2023-03-20,FRZ-02,Frozen Foods,907,0
2023-03-27,FRZ-02,Frozen Foods,658,1
2023-04-03,FRZ-02,Frozen Foods,349,1
2023-04-10,FRZ-02,Frozen Foods,469,0
2023-04-17,FRZ-02,Frozen Foods,718,0
2023-04-24,FRZ-02,Frozen Foods,811,1
2023-05-01,FRZ-02,Frozen Foods,218,0
2023-05-08,FRZ-02,Frozen Foods,2183,0
2023-05-15,FRZ-02,Frozen Foods,1244,0
2023-05-22,FRZ-02,Frozen Foods,520,0
2023-05-29,FRZ-02,Frozen Foods,538,0
2023-06-05,FRZ-02,Frozen Foods,831,0
2023-06-12,FRZ-02,Frozen Foods,308,0
2023-06-19,FRZ-02,Frozen Foods,797,0
2023-06-26,FRZ-02,Frozen Foods,314,1
2023-07-03,FRZ-02,Frozen Foods,719,1
2023-07-10,FRZ-02,Frozen Foods,279,0
2023-07-17,FRZ-02,Frozen Foods,281,0
2023-07-24,FRZ-02,Frozen Foods,1699,0
2023-07-31,FRZ-02,Frozen Foods,576,0
2023-08-07,FRZ-02,Frozen Foods,616,0
2023-08-14,FRZ-02,Frozen Foods,137,0
2023-08-21,FRZ-02,Frozen Foods,341,0
2023-08-28,FRZ-02,Frozen Foods,1021,1
2023-09-04,FRZ-02,Frozen Foods,547,0
2023-09-11,FRZ-02,Frozen Foods,113,0
2023-09-18,FRZ-02,Frozen Foods,531,0
2023-09-25,FRZ-02,Frozen Foods,580,0
2023-10-02,FRZ-02,Frozen Foods,1050,0
2023-10-09,FRZ-02,Frozen Foods,287,0
2023-10-16,FRZ-02,Frozen Foods,99,0
2023-10-23,FRZ-02,Frozen Foods,222,0
2023-10-30,FRZ-02,Frozen Foods,205,0
2023-11-06,FRZ-02,Frozen Foods,678,0
2023-11-13,FRZ-02,Frozen Foods,67,0
2023-11-20,FRZ-02,Frozen Foods,296,0
2023-11-27,FRZ-02,Frozen Foods,1001,0
2023-12-04,FRZ-02,Frozen Foods,381,0
2023-12-11,FRZ-02,Frozen Foods,668,0
2023-12-18,FRZ-02,Frozen Foods,121,0
2023-12-25,FRZ-02,Frozen Foods,121,0
2024-01-01,FRZ-02,Frozen Foods,889,0
2024-01-08,FRZ-02,Frozen Foods,361,0
2024-01-15,FRZ-02,Frozen Foods,359,0
2024-01-22,FRZ-02,Frozen Foods,160,0
2024-01-29,FRZ-02,Frozen Foods,362,0
2024-02-05,FRZ-02,Frozen Foods,162,0
2024-02-12,FRZ-02,Frozen Foods,785,0
2024-02-19,FRZ-02,Frozen Foods,2269,0
2024-02-26,FRZ-02,Frozen Foods,539,0
2024-03-04,FRZ-02,Frozen Foods,271,0
2024-03-11,FRZ-02,Frozen Foods,82,0
2024-03-18,FRZ-02,Frozen Foods,152,0
2024-03-25,FRZ-02,Frozen Foods,1379,0
2024-04-01,FRZ-02,Frozen Foods,264,0
2024-04-08,FRZ-02,Frozen Foods,430,0
2024-04-15,FRZ-02,Frozen Foods,889,0
2024-04-22,FRZ-02,Frozen Foods,1604,0
2024-04-29,FRZ-02,Frozen Foods,546,0
2024-05-06,FRZ-02,Frozen Foods,491,0
2024-05-13,FRZ-02,Frozen Foods,688,0
2024-05-20,FRZ-02,Frozen Foods,440,0
2024-05-27,FRZ-02,Frozen Foods,460,0
2024-06-03,FRZ-02,Frozen Foods,1164,1
2024-06-10,FRZ-02,Frozen Foods,759,0
2024-06-17,FRZ-02,Frozen Foods,2726,0
2024-06-24,FRZ-02,Frozen Foods,875,0
2024-07-01,FRZ-02,Frozen Foods,1374,0
2024-07-08,FRZ-02,Frozen Foods,308,0
2024-07-15,FRZ-02,Frozen Foods,862,0
2024-07-22,FRZ-02,Frozen Foods,366,0
2024-07-29,FRZ-02,Frozen Foods,745,0
2024-08-05,FRZ-02,Frozen Foods,877,0
2024-08-12,FRZ-02,Frozen Foods,557,0
2024-08-19,FRZ-02,Frozen Foods,2579,0
2024-08-26,FRZ-02,Frozen Foods,1312,0
2024-09-02,FRZ-02,Frozen Foods,1085,0
2024-09-09,FRZ-02,Frozen Foods,808,0
2024-09-16,FRZ-02,Frozen Foods,1536,0
2024-09-23,FRZ-02,Frozen Foods,181,0
2024-09-30,FRZ-02,Frozen Foods,1147,0
2024-10-07,FRZ-02,Frozen Foods,237,0
2024-10-14,FRZ-02,Frozen Foods,310,0
2024-10-21,FRZ-02,Frozen Foods,644,0
2024-10-28,FRZ-02,Frozen Foods,989,0
2024-11-04,FRZ-02,Frozen Foods,200,0
2024-11-11,FRZ-02,Frozen Foods,300,0
2024-11-18,FRZ-02,Frozen Foods,440,0
2024-11-25,FRZ-02,Frozen Foods,356,0
2024-12-02,FRZ-02,Frozen Foods,690,0
2024-12-09,FRZ-02,Frozen Foods,3715,0
2024-12-16,FRZ-02,Frozen Foods,490,0
2024-12-23,FRZ-02,Frozen Foods,223,0
2022-01-03,FRZ-03,Frozen Foods,103,0
2022-01-10,FRZ-03,Frozen Foods,135,0
2022-01-17,FRZ-03,Frozen Foods,55,0
2022-01-24,FRZ-03,Frozen Foods,138,0
2022-01-31,FRZ-03,Frozen Foods,112,0
2022-02-07,FRZ-03,Frozen Foods,77,0
2022-02-14,FRZ-03,Frozen Foods,78,0
2022-02-21,FRZ-03,Frozen Foods,99,0
2022-02-28,FRZ-03,Frozen Foods,237,1
2022-03-07,FRZ-03,Frozen Foods,120,0
2022-03-14,FRZ-03,Frozen Foods,77,0
2022-03-21,FRZ-03,Frozen Foods,101,0
2022-03-28,FRZ-03,Frozen Foods,276,0
2022-04-04,FRZ-03,Frozen Foods,131,0
2022-04-11,FRZ-03,Frozen Foods,178,0
2022-04-18,FRZ-03,Frozen Foods,156,0
2022-04-25,FRZ-03,Frozen Foods,197,1
2022-05-02,FRZ-03,Frozen Foods,132,0
2022-05-09,FRZ-03,Frozen Foods,190,0
2022-05-16,FRZ-03,Frozen Foods,175,0
2022-05-23,FRZ-03,Frozen Foods,142,0
2022-05-30,FRZ-03,Frozen Foods,91,0
2022-06-06,FRZ-03,Frozen Foods,147,0
2022-06-13,FRZ-03,Frozen Foods,118,0
2022-06-20,FRZ-03,Frozen Foods,104,0
2022-06-27,FRZ-03,Frozen Foods,390,0
2022-07-04,FRZ-03,Frozen Foods,57,0
2022-07-11,FRZ-03,Frozen Foods,172,0
2022-07-18,FRZ-03,Frozen Foods,74,0
2022-07-25,FRZ-03,Frozen Foods,113,0
2022-08-01,FRZ-03,Frozen Foods,333,0
2022-08-08,FRZ-03,Frozen Foods,66,0
2022-08-15,FRZ-03,Frozen Foods,73,0
2022-08-22,FRZ-03,Frozen Foods,99,0
2022-08-29,FRZ-03,Frozen Foods,67,0
2022-09-05,FRZ-03,Frozen Foods,145,0
2022-09-12,FRZ-03,Frozen Foods,76,0
2022-09-19,FRZ-03,Frozen Foods,129,0
2022-09-26,FRZ-03,Frozen Foods,52,0
2022-10-03,FRZ-03,Frozen Foods,42,0
2022-10-10,FRZ-03,Frozen Foods,84,0
2022-10-17,FRZ-03,Frozen Foods,45,0
2022-10-24,FRZ-03,Frozen Foods,180,0
2022-10-31,FRZ-03,Frozen Foods,45,0
2022-11-07,FRZ-03,Frozen Foods,55,0
2022-11-14,FRZ-03,Frozen Foods,104,0
2022-11-21,FRZ-03,Frozen Foods,65,0
2022-11-28,FRZ-03,Frozen Foods,64,1
2022-12-05,FRZ-03,Frozen Foods,306,1
2022-12-12,FRZ-03,Frozen Foods,52,0
2022-12-19,FRZ-03,Frozen Foods,74,0
2022-12-26,FRZ-03,Frozen Foods,120,1
2023-01-02,FRZ-03,Frozen Foods,112,0
2023-01-09,FRZ-03,Frozen Foods,158,1
2023-01-16,FRZ-03,Frozen Foods,58,0
2023-01-23,FRZ-03,Frozen Foods,119,1
2023-01-30,FRZ-03,Frozen Foods,80,0
2023-02-06,FRZ-03,Frozen Foods,130,0
2023-02-13,FRZ-03,Frozen Foods,57,0
2023-02-20,FRZ-03,Frozen Foods,252,0
2023-02-27,FRZ-03,Frozen Foods,75,0
2023-03-06,FRZ-03,Frozen Foods,111,0
2023-03-13,FRZ-03,Frozen Foods,119,1
2023-03-20,FRZ-03,Frozen Foods,67,0
2023-03-27,FRZ-03,Frozen Foods,85,0
2023-04-03,FRZ-03,Frozen Foods,84,0
2023-04-10,FRZ-03,Frozen Foods,111,0
2023-04-17,FRZ-03,Frozen Foods,88,0
2023-04-24,FRZ-03,Frozen Foods,280,1
2023-05-01,FRZ-03,Frozen Foods,99,0
2023-05-08,FRZ-03,Frozen Foods,95,0
2023-05-15,FRZ-03,Frozen Foods,207,1
2023-05-22,FRZ-03,Frozen Foods,299,1
2023-05-29,FRZ-03,Frozen Foods,154,0
2023-06-05,FRZ-03,Frozen Foods,132,0
2023-06-12,FRZ-03,Frozen Foods,71,0
2023-06-19,FRZ-03,Frozen Foods,80,0
2023-06-26,FRZ-03,Frozen Foods,73,0
2023-07-03,FRZ-03,Frozen Foods,231,0
2023-07-10,FRZ-03,Frozen Foods,159,0
2023-07-17,FRZ-03,Frozen Foods,96,1
2023-07-24,FRZ-03,Frozen Foods,93,0
2023-07-31,FRZ-03,Frozen Foods,81,0
2023-08-07,FRZ-03,Frozen Foods,77,0
2023-08-14,FRZ-03,Frozen Foods,139,0
2023-08-21,FRZ-03,Frozen Foods,98,0
2023-08-28,FRZ-03,Frozen Foods,283,0
2023-09-04,FRZ-03,Frozen Foods,192,0
2023-09-11,FRZ-03,Frozen Foods,196,0
2023-09-18,FRZ-03,Frozen Foods,145,0
2023-09-25,FRZ-03,Frozen Foods,119,1
2023-10-02,FRZ-03,Frozen Foods,138,0
2023-10-09,FRZ-03,Frozen Foods,89,0
2023-10-16,FRZ-03,Frozen Foods,215,0
2023-10-23,FRZ-03,Frozen Foods,122,0
2023-10-30,FRZ-03,Frozen Foods,113,0
2023-11-06,FRZ-03,Frozen Foods,105,0
2023-11-13,FRZ-03,Frozen Foods,213,0
2023-11-20,FRZ-03,Frozen Foods,50,0
2023-11-27,FRZ-03,Frozen Foods,215,0
2023-12-04,FRZ-03,Frozen Foods,85,0
2023-12-11,FRZ-03,Frozen Foods,48,0
2023-12-18,FRZ-03,Frozen Foods,64,0
2023-12-25,FRZ-03,Frozen Foods,43,0
2024-01-01,FRZ-03,Frozen Foods,151,1
2024-01-08,FRZ-03,Frozen Foods,57,0
2024-01-15,FRZ-03,Frozen Foods,101,0
2024-01-22,FRZ-03,Frozen Foods,160,0
2024-01-29,FRZ-03,Frozen Foods,73,0
2024-02-05,FRZ-03,Frozen Foods,91,0
2024-02-12,FRZ-03,Frozen Foods,60,0
2024-02-19,FRZ-03,Frozen Foods,94,0
2024-02-26,FRZ-03,Frozen Foods,376,0
2024-03-04,FRZ-03,Frozen Foods,175,0
2024-03-11,FRZ-03,Frozen Foods,114,0
2024-03-18,FRZ-03,Frozen Foods,102,0
2024-03-25,FRZ-03,Frozen Foods,137,0
2024-04-01,FRZ-03,Frozen Foods,200,1
2024-04-08,FRZ-03,Frozen Foods,123,0
2024-04-15,FRZ-03,Frozen Foods,242,1
2024-04-22,FRZ-03,Frozen Foods,101,0
2024-04-29,FRZ-03,Frozen Foods,136,1
2024-05-06,FRZ-03,Frozen Foods,187,0
2024-05-13,FRZ-03,Frozen Foods,94,0
2024-05-20,FRZ-03,Frozen Foods,220,0
2024-05-27,FRZ-03,Frozen Foods,266,1
2024-06-03,FRZ-03,Frozen Foods,68,0
2024-06-10,FRZ-03,Frozen Foods,160,0
2024-06-17,FRZ-03,Frozen Foods,70,0
2024-06-24,FRZ-03,Frozen Foods,201,0
2024-07-01,FRZ-03,Frozen Foods,128,0
2024-07-08,FRZ-03,Frozen Foods,323,0
2024-07-15,FRZ-03,Frozen Foods,222,0
2024-07-22,FRZ-03,Frozen Foods,83,0
2024-07-29,FRZ-03,Frozen Foods,53,0
2024-08-05,FRZ-03,Frozen Foods,92,0
2024-08-12,FRZ-03,Frozen Foods,73,0
2024-08-19,FRZ-03,Frozen Foods,285,0
2024-08-26,FRZ-03,Frozen Foods,123,0
2024-09-02,FRZ-03,Frozen Foods,186,0
2024-09-09,FRZ-03,Frozen Foods,107,0
2024-09-16,FRZ-03,Frozen Foods,111,0
2024-09-23,FRZ-03,Frozen Foods,117,0
2024-09-30,FRZ-03,Frozen Foods,263,1
2024-10-07,FRZ-03,Frozen Foods,135,0
2024-10-14,FRZ-03,Frozen Foods,72,0
2024-10-21,FRZ-03,Frozen Foods,237,0
2024-10-28,FRZ-03,Frozen Foods,170,1
2024-11-04,FRZ-03,Frozen Foods,90,0
2024-11-11,FRZ-03,Frozen Foods,30,0
2024-11-18,FRZ-03,Frozen Foods,142,0
2024-11-25,FRZ-03,Frozen Foods,110,0
2024-12-02,FRZ-03,Frozen Foods,108,0
2024-12-09,FRZ-03,Frozen Foods,85,0
2024-12-16,FRZ-03,Frozen Foods,78,0
2024-12-23,FRZ-03,Frozen Foods,85,0
2022-01-03,FRZ-04,Frozen Foods,30,0
2022-01-10,FRZ-04,Frozen Foods,32,0
2022-01-17,FRZ-04,Frozen Foods,29,0
2022-01-24,FRZ-04,Frozen Foods,21,0
2022-01-31,FRZ-04,Frozen Foods,26,0
2022-02-07,FRZ-04,Frozen Foods,29,0
2022-02-14,FRZ-04,Frozen Foods,33,0
2022-02-21,FRZ-04,Frozen Foods,39,0
2022-02-28,FRZ-04,Frozen Foods,32,0
2022-03-07,FRZ-04,Frozen Foods,33,0
2022-03-14,FRZ-04,Frozen Foods,22,0
2022-03-21,FRZ-04,Frozen Foods,46,0
2022-03-28,FRZ-04,Frozen Foods,34,0
2022-04-04,FRZ-04,Frozen Foods,56,0
2022-04-11,FRZ-04,Frozen Foods,70,0
2022-04-18,FRZ-04,Frozen Foods,47,0
2022-04-25,FRZ-04,Frozen Foods,39,0
2022-05-02,FRZ-04,Frozen Foods,55,0
2022-05-09,FRZ-04,Frozen Foods,64,0
2022-05-16,FRZ-04,Frozen Foods,76,1
2022-05-23,FRZ-04,Frozen Foods,53,0
2022-05-30,FRZ-04,Frozen Foods,76,0
2022-06-06,FRZ-04,Frozen Foods,76,0
2022-06-13,FRZ-04,Frozen Foods,60,0
2022-06-20,FRZ-04,Frozen Foods,59,1
2022-06-27,FRZ-04,Frozen Foods,77,0
2022-07-04,FRZ-04,Frozen Foods,67,1
2022-07-11,FRZ-04,Frozen Foods,70,0
2022-07-18,FRZ-04,Frozen Foods,68,0
2022-07-25,FRZ-04,Frozen Foods,36,0
2022-08-01,FRZ-04,Frozen Foods,63,0
2022-08-08,FRZ-04,Frozen Foods,70,0
2022-08-15,FRZ-04,Frozen Foods,71,0
2022-08-22,FRZ-04,Frozen Foods,59,0
2022-08-29,FRZ-04,Frozen Foods,30,0
2022-09-05,FRZ-04,Frozen Foods,79,0
2022-09-12,FRZ-04,Frozen Foods,60,0
2022-09-19,FRZ-04,Frozen Foods,36,0
2022-09-26,FRZ-04,Frozen Foods,40,0
2022-10-03,FRZ-04,Frozen Foods,53,0
2022-10-10,FRZ-04,Frozen Foods,60,0
2022-10-17,FRZ-04,Frozen Foods,42,0
2022-10-24,FRZ-04,Frozen Foods,61,0
2022-10-31,FRZ-04,Frozen Foods,28,0
2022-11-07,FRZ-04,Frozen Foods,34,0
2022-11-14,FRZ-04,Frozen Foods,25,0
2022-11-21,FRZ-04,Frozen Foods,35,0
2022-11-28,FRZ-04,Frozen Foods,71,0
2022-12-05,FRZ-04,Frozen Foods,82,0
2022-12-12,FRZ-04,Frozen Foods,46,0
2022-12-19,FRZ-04,Frozen Foods,35,0
2022-12-26,FRZ-04,Frozen Foods,39,0
2023-01-02,FRZ-04,Frozen Foods,46,0
2023-01-09,FRZ-04,Frozen Foods,25,0
2023-01-16,FRZ-04,Frozen Foods,32,0
2023-01-23,FRZ-04,Frozen Foods,58,0
2023-01-30,FRZ-04,Frozen Foods,36,1
2023-02-06,FRZ-04,Frozen Foods,30,0
2023-02-13,FRZ-04,Frozen Foods,38,0
2023-02-20,FRZ-04,Frozen Foods,42,0
2023-02-27,FRZ-04,Frozen Foods,33,0
2023-03-06,FRZ-04,Frozen Foods,42,0
2023-03-13,FRZ-04,Frozen Foods,52,0
2023-03-20,FRZ-04,Frozen Foods,82,0
2023-03-27,FRZ-04,Frozen Foods,46,0
2023-04-03,FRZ-04,Frozen Foods,51,0
2023-04-10,FRZ-04,Frozen Foods,86,0
2023-04-17,FRZ-04,Frozen Foods,49,0
2023-04-24,FRZ-04,Frozen Foods,41,0
2023-05-01,FRZ-04,Frozen Foods,69,0
2023-05-08,FRZ-04,Frozen Foods,93,0
2023-05-15,FRZ-04,Frozen Foods,78,0
2023-05-22,FRZ-04,Frozen Foods,71,0
2023-05-29,FRZ-04,Frozen Foods,48,0
2023-06-05,FRZ-04,Frozen Foods,75,0
2023-06-12,FRZ-04,Frozen Foods,112,0
2023-06-19,FRZ-04,Frozen Foods,54,0
2023-06-26,FRZ-04,Frozen Foods,72,0
2023-07-03,FRZ-04,Frozen Foods,69,0
2023-07-10,FRZ-04,Frozen Foods,62,0
2023-07-17,FRZ-04,Frozen Foods,82,0
2023-07-24,FRZ-04,Frozen Foods,85,0
2023-07-31,FRZ-04,Frozen Foods,83,0
2023-08-07,FRZ-04,Frozen Foods,53,0
2023-08-14,FRZ-04,Frozen Foods,42,0
2023-08-21,FRZ-04,Frozen Foods,72,0
2023-08-28,FRZ-04,Frozen Foods,56,0
2023-09-04,FRZ-04,Frozen Foods,110,0
2023-09-11,FRZ-04,Frozen Foods,151,1
2023-09-18,FRZ-04,Frozen Foods,110,0
2023-09-25,FRZ-04,Frozen Foods,45,0
2023-10-02,FRZ-04,Frozen Foods,69,0
2023-10-09,FRZ-04,Frozen Foods,75,0
2023-10-16,FRZ-04,Frozen Foods,71,0
2023-10-23,FRZ-04,Frozen Foods,50,0
2023-10-30,FRZ-04,Frozen Foods,81,0
2023-11-06,FRZ-04,Frozen Foods,55,0
2023-11-13,FRZ-04,Frozen Foods,56,0
2023-11-20,FRZ-04,Frozen Foods,34,0
2023-11-27,FRZ-04,Frozen Foods,64,0
2023-12-04,FRZ-04,Frozen Foods,48,0
2023-12-11,FRZ-04,Frozen Foods,58,0
2023-12-18,FRZ-04,Frozen Foods,53,0
2023-12-25,FRZ-04,Frozen Foods,60,1
2024-01-01,FRZ-04,Frozen Foods,47,0
2024-01-08,FRZ-04,Frozen Foods,58,0
2024-01-15,FRZ-04,Frozen Foods,43,0
2024-01-22,FRZ-04,Frozen Foods,29,0
2024-01-29,FRZ-04,Frozen Foods,52,0
2024-02-05,FRZ-04,Frozen Foods,34,0
2024-02-12,FRZ-04,Frozen Foods,30,0
2024-02-19,FRZ-04,Frozen Foods,50,1
2024-02-26,FRZ-04,Frozen Foods,50,0
2024-03-04,FRZ-04,Frozen Foods,46,0
2024-03-11,FRZ-04,Frozen Foods,26,0
2024-03-18,FRZ-04,Frozen Foods,47,0
2024-03-25,FRZ-04,Frozen Foods,79,0
2024-04-01,FRZ-04,Frozen Foods,52,0
2024-04-08,FRZ-04,Frozen Foods,60,0
2024-04-15,FRZ-04,Frozen Foods,91,0
2024-04-22,FRZ-04,Frozen Foods,139,1
2024-04-29,FRZ-04,Frozen Foods,101,0
2024-05-06,FRZ-04,Frozen Foods,34,0
2024-05-13,FRZ-04,Frozen Foods,137,0
2024-05-20,FRZ-04,Frozen Foods,102,0
2024-05-27,FRZ-04,Frozen Foods,183,0
2024-06-03,FRZ-04,Frozen Foods,70,0
2024-06-10,FRZ-04,Frozen Foods,53,0
2024-06-17,FRZ-04,Frozen Foods,91,0
2024-06-24,FRZ-04,Frozen Foods,84,0
2024-07-01,FRZ-04,Frozen Foods,111,0
2024-07-08,FRZ-04,Frozen Foods,125,0
2024-07-15,FRZ-04,Frozen Foods,86,0
2024-07-22,FRZ-04,Frozen Foods,81,0
2024-07-29,FRZ-04,Frozen Foods,100,0
2024-08-05,FRZ-04,Frozen Foods,77,0
2024-08-12,FRZ-04,Frozen Foods,73,0
2024-08-19,FRZ-04,Frozen Foods,108,0
2024-08-26,FRZ-04,Frozen Foods,112,0
2024-09-02,FRZ-04,Frozen Foods,103,0
2024-09-09,FRZ-04,Frozen Foods,69,0
2024-09-16,FRZ-04,Frozen Foods,37,0
2024-09-23,FRZ-04,Frozen Foods,66,0
2024-09-30,FRZ-04,Frozen Foods,54,0
2024-10-07,FRZ-04,Frozen Foods,65,0
2024-10-14,FRZ-04,Frozen Foods,54,0
2024-10-21,FRZ-04,Frozen Foods,65,0
2024-10-28,FRZ-04,Frozen Foods,47,0
2024-11-04,FRZ-04,Frozen Foods,44,0
2024-11-11,FRZ-04,Frozen Foods,141,1
2024-11-18,FRZ-04,Frozen Foods,47,0
2024-11-25,FRZ-04,Frozen Foods,62,0
2024-12-02,FRZ-04,Frozen Foods,81,0
2024-12-09,FRZ-04,Frozen Foods,78,0
2024-12-16,FRZ-04,Frozen Foods,74,0
2024-12-23,FRZ-04,Frozen Foods,62,0
2022-01-03,FRZ-05,Frozen Foods,36,0
2022-01-10,FRZ-05,Frozen Foods,49,0
2022-01-17,FRZ-05,Frozen Foods,85,0
2022-01-24,FRZ-05,Frozen Foods,206,0
2022-01-31,FRZ-05,Frozen Foods,376,0
2022-02-07,FRZ-05,Frozen Foods,30,0
2022-02-14,FRZ-05,Frozen Foods,66,0
2022-02-21,FRZ-05,Frozen Foods,87,0
2022-02-28,FRZ-05,Frozen Foods,287,0
2022-03-07,FRZ-05,Frozen Foods,84,0
2022-03-14,FRZ-05,Frozen Foods,99,0
2022-03-21,FRZ-05,Frozen Foods,41,0
2022-03-28,FRZ-05,Frozen Foods,279,0
2022-04-04,FRZ-05,Frozen Foods,158,0
2022-04-11,FRZ-05,Frozen Foods,104,0
2022-04-18,FRZ-05,Frozen Foods,162,0
2022-04-25,FRZ-05,Frozen Foods,658,0
2022-05-02,FRZ-05,Frozen Foods,149,1
2022-05-09,FRZ-05,Frozen Foods,103,0
2022-05-16,FRZ-05,Frozen Foods,824,0
2022-05-23,FRZ-05,Frozen Foods,265,0
2022-05-30,FRZ-05,Frozen Foods,648,1
2022-06-06,FRZ-05,Frozen Foods,370,0
2022-06-13,FRZ-05,Frozen Foods,241,0
2022-06-20,FRZ-05,Frozen Foods,175,0
2022-06-27,FRZ-05,Frozen Foods,548,0
2022-07-04,FRZ-05,Frozen Foods,741,0
2022-07-11,FRZ-05,Frozen Foods,669,0
2022-07-18,FRZ-05,Frozen Foods,71,0
2022-07-25,FRZ-05,Frozen Foods,781,0
2022-08-01,FRZ-05,Frozen Foods,247,1
2022-08-08,FRZ-05,Frozen Foods,97,0
2022-08-15,FRZ-05,Frozen Foods,167,0
2022-08-22,FRZ-05,Frozen Foods,431,0
2022-08-29,FRZ-05,Frozen Foods,315,0
2022-09-05,FRZ-05,Frozen Foods,141,0
2022-09-12,FRZ-05,Frozen Foods,401,0
2022-09-19,FRZ-05,Frozen Foods,199,0
2022-09-26,FRZ-05,Frozen Foods,97,0
2022-10-03,FRZ-05,Frozen Foods,84,0
2022-10-10,FRZ-05,Frozen Foods,247,0
2022-10-17,FRZ-05,Frozen Foods,175,1
2022-10-24,FRZ-05,Frozen Foods,42,0
2022-10-31,FRZ-05,Frozen Foods,361,0
2022-11-07,FRZ-05,Frozen Foods,97,0
2022-11-14,FRZ-05,Frozen Foods,719,0
2022-11-21,FRZ-05,Frozen Foods,37,0
2022-11-28,FRZ-05,Frozen Foods,120,0
2022-12-05,FRZ-05,Frozen Foods,70,0
2022-12-12,FRZ-05,Frozen Foods,52,0
2022-12-19,FRZ-05,Frozen Foods,81,0
2022-12-26,FRZ-05,Frozen Foods,720,0
2023-01-02,FRZ-05,Frozen Foods,143,0
2023-01-09,FRZ-05,Frozen Foods,56,0
2023-01-16,FRZ-05,Frozen Foods,20,0
2023-01-23,FRZ-05,Frozen Foods,22,0
2023-01-30,FRZ-05,Frozen Foods,72,0
2023-02-06,FRZ-05,Frozen Foods,68,0
2023-02-13,FRZ-05,Frozen Foods,105,0
2023-02-20,FRZ-05,Frozen Foods,15,0
2023-02-27,FRZ-05,Frozen Foods,133,0
2023-03-06,FRZ-05,Frozen Foods,425,0
2023-03-13,FRZ-05,Frozen Foods,816,0
2023-03-20,FRZ-05,Frozen Foods,28,0
2023-03-27,FRZ-05,Frozen Foods,88,0
2023-04-03,FRZ-05,Frozen Foods,89,0
2023-04-10,FRZ-05,Frozen Foods,252,0
2023-04-17,FRZ-05,Frozen Foods,70,0
2023-04-24,FRZ-05,Frozen Foods,1259,0
2023-05-01,FRZ-05,Frozen Foods,393,1
2023-05-08,FRZ-05,Frozen Foods,233,0
2023-05-15,FRZ-05,Frozen Foods,1281,0
2023-05-22,FRZ-05,Frozen Foods,271,0
2023-05-29,FRZ-05,Frozen Foods,412,0
2023-06-05,FRZ-05,Frozen Foods,134,0
2023-06-12,FRZ-05,Frozen Foods,73,0
2023-06-19,FRZ-05,Frozen Foods,152,0
2023-06-26,FRZ-05,Frozen Foods,2317,0
2023-07-03,FRZ-05,Frozen Foods,496,0
2023-07-10,FRZ-05,Frozen Foods,341,0
2023-07-17,FRZ-05,Frozen Foods,97,0
2023-07-24,FRZ-05,Frozen Foods,599,0
2023-07-31,FRZ-05,Frozen Foods,63,0
2023-08-07,FRZ-05,Frozen Foods,50,0
2023-08-14,FRZ-05,Frozen Foods,129,0
2023-08-21,FRZ-05,Frozen Foods,1457,0
2023-08-28,FRZ-05,Frozen Foods,1338,0
2023-09-04,FRZ-05,Frozen Foods,224,1
2023-09-11,FRZ-05,Frozen Foods,103,0
2023-09-18,FRZ-05,Frozen Foods,39,0
2023-09-25,FRZ-05,Frozen Foods,206,0
2023-10-02,FRZ-05,Frozen Foods,220,0
2023-10-09,FRZ-05,Frozen Foods,401,0
2023-10-16,FRZ-05,Frozen Foods,445,0
2023-10-23,FRZ-05,Frozen Foods,148,0
2023-10-30,FRZ-05,Frozen Foods,305,0
2023-11-06,FRZ-05,Frozen Foods,88,0
2023-11-13,FRZ-05,Frozen Foods,288,0
2023-11-20,FRZ-05,Frozen Foods,101,0
2023-11-27,FRZ-05,Frozen Foods,254,0
2023-12-04,FRZ-05,Frozen Foods,227,0
2023-12-11,FRZ-05,Frozen Foods,163,0
2023-12-18,FRZ-05,Frozen Foods,321,0
2023-12-25,FRZ-05,Frozen Foods,31,0
2024-01-01,FRZ-05,Frozen Foods,49,0
2024-01-08,FRZ-05,Frozen Foods,105,0
2024-01-15,FRZ-05,Frozen Foods,33,0
2024-01-22,FRZ-05,Frozen Foods,91,0
2024-01-29,FRZ-05,Frozen Foods,95,0
2024-02-05,FRZ-05,Frozen Foods,504,0
2024-02-12,FRZ-05,Frozen Foods,167,0
2024-02-19,FRZ-05,Frozen Foods,417,0
2024-02-26,FRZ-05,Frozen Foods,217,0
2024-03-04,FRZ-05,Frozen Foods,102,0
2024-03-11,FRZ-05,Frozen Foods,210,0
2024-03-18,FRZ-05,Frozen Foods,404,0
2024-03-25,FRZ-05,Frozen Foods,682,0
2024-04-01,FRZ-05,Frozen Foods,199,0
2024-04-08,FRZ-05,Frozen Foods,48,0
2024-04-15,FRZ-05,Frozen Foods,48,0
2024-04-22,FRZ-05,Frozen Foods,196,0
2024-04-29,FRZ-05,Frozen Foods,29,0
2024-05-06,FRZ-05,Frozen Foods,1691,0
2024-05-13,FRZ-05,Frozen Foods,539,0
2024-05-20,FRZ-05,Frozen Foods,165,0
2024-05-27,FRZ-05,Frozen Foods,105,0
2024-06-03,FRZ-05,Frozen Foods,856,0
2024-06-10,FRZ-05,Frozen Foods,105,0
2024-06-17,FRZ-05,Frozen Foods,115,0
2024-06-24,FRZ-05,Frozen Foods,145,0
2024-07-01,FRZ-05,Frozen Foods,588,1
2024-07-08,FRZ-05,Frozen Foods,538,0
2024-07-15,FRZ-05,Frozen Foods,916,0
2024-07-22,FRZ-05,Frozen Foods,768,0
2024-07-29,FRZ-05,Frozen Foods,268,0
2024-08-05,FRZ-05,Frozen Foods,702,0
2024-08-12,FRZ-05,Frozen Foods,130,0
2024-08-19,FRZ-05,Frozen Foods,41,0
2024-08-26,FRZ-05,Frozen Foods,122,0
2024-09-02,FRZ-05,Frozen Foods,104,0
2024-09-09,FRZ-05,Frozen Foods,120,0
2024-09-16,FRZ-05,Frozen Foods,86,0
2024-09-23,FRZ-05,Frozen Foods,137,0
2024-09-30,FRZ-05,Frozen Foods,387,0
2024-10-07,FRZ-05,Frozen Foods,1114,0
2024-10-14,FRZ-05,Frozen Foods,38,0
2024-10-21,FRZ-05,Frozen Foods,99,1
2024-10-28,FRZ-05,Frozen Foods,92,0
2024-11-04,FRZ-05,Frozen Foods,413,0
2024-11-11,FRZ-05,Frozen Foods,157,0
2024-11-18,FRZ-05,Frozen Foods,92,0
2024-11-25,FRZ-05,Frozen Foods,367,0
2024-12-02,FRZ-05,Frozen Foods,451,0
2024-12-09,FRZ-05,Frozen Foods,168,0
2024-12-16,FRZ-05,Frozen Foods,75,0
2024-12-23,FRZ-05,Frozen Foods,210,0
2022-01-03,FRZ-06,Frozen Foods,54,0
2022-01-10,FRZ-06,Frozen Foods,30,0
2022-01-17,FRZ-06,Frozen Foods,71,1
2022-01-24,FRZ-06,Frozen Foods,71,0
2022-01-31,FRZ-06,Frozen Foods,64,0
2022-02-07,FRZ-06,Frozen Foods,56,0
2022-02-14,FRZ-06,Frozen Foods,69,0
2022-02-21,FRZ-06,Frozen Foods,75,0
2022-02-28,FRZ-06,Frozen Foods,126,0
2022-03-07,FRZ-06,Frozen Foods,56,0
2022-03-14,FRZ-06,Frozen Foods,66,0
2022-03-21,FRZ-06,Frozen Foods,107,0
2022-03-28,FRZ-06,Frozen Foods,50,0
2022-04-04,FRZ-06,Frozen Foods,32,0
2022-04-11,FRZ-06,Frozen Foods,94,0
2022-04-18,FRZ-06,Frozen Foods,65,0
2022-04-25,FRZ-06,Frozen Foods,37,0
2022-05-02,FRZ-06,Frozen Foods,118,1
2022-05-09,FRZ-06,Frozen Foods,173,0
2022-05-16,FRZ-06,Frozen Foods,30,0
2022-05-23,FRZ-06,Frozen Foods,137,0
2022-05-30,FRZ-06,Frozen Foods,18,0
2022-06-06,FRZ-06,Frozen Foods,59,0
2022-06-13,FRZ-06,Frozen Foods,209,0
2022-06-20,FRZ-06,Frozen Foods,59,0
2022-06-27,FRZ-06,Frozen Foods,73,0
2022-07-04,FRZ-06,Frozen Foods,105,0
2022-07-11,FRZ-06,Frozen Foods,25,0
2022-07-18,FRZ-06,Frozen Foods,67,0
2022-07-25,FRZ-06,Frozen Foods,65,0
2022-08-01,FRZ-06,Frozen Foods,176,0
2022-08-08,FRZ-06,Frozen Foods,29,0
2022-08-15,FRZ-06,Frozen Foods,47,0
2022-08-22,FRZ-06,Frozen Foods,33,0
2022-08-29,FRZ-06,Frozen Foods,31,0
2022-09-05,FRZ-06,Frozen Foods,105,0
2022-09-12,FRZ-06,Frozen Foods,55,0
2022-09-19,FRZ-06,Frozen Foods,39,0
2022-09-26,FRZ-06,Frozen Foods,40,0
2022-10-03,FRZ-06,Frozen Foods,38,0
2022-10-10,FRZ-06,Frozen Foods,40,0
2022-10-17,FRZ-06,Frozen Foods,25,0
2022-10-24,FRZ-06,Frozen Foods,43,0
2022-10-31,FRZ-06,Frozen Foods,40,0
2022-11-07,FRZ-06,Frozen Foods,31,0
2022-11-14,FRZ-06,Frozen Foods,51,0
2022-11-21,FRZ-06,Frozen Foods,53,0
2022-11-28,FRZ-06,Frozen Foods,33,0
2022-12-05,FRZ-06,Frozen Foods,40,0
2022-12-12,FRZ-06,Frozen Foods,148,0
2022-12-19,FRZ-06,Frozen Foods,143,0
2022-12-26,FRZ-06,Frozen Foods,23,0
2023-01-02,FRZ-06,Frozen Foods,25,0
2023-01-09,FRZ-06,Frozen Foods,29,1
2023-01-16,FRZ-06,Frozen Foods,80,0
2023-01-23,FRZ-06,Frozen Foods,36,0
2023-01-30,FRZ-06,Frozen Foods,53,0
2023-02-06,FRZ-06,Frozen Foods,153,0
2023-02-13,FRZ-06,Frozen Foods,51,0
2023-02-20,FRZ-06,Frozen Foods,81,0
2023-02-27,FRZ-06,Frozen Foods,77,0
2023-03-06,FRZ-06,Frozen Foods,43,0
2023-03-13,FRZ-06,Frozen Foods,117,0
2023-03-20,FRZ-06,Frozen Foods,41,0
2023-03-27,FRZ-06,Frozen Foods,151,0
2023-04-03,FRZ-06,Frozen Foods,52,0
2023-04-10,FRZ-06,Frozen Foods,58,0
2023-04-17,FRZ-06,Frozen Foods,42,0
2023-04-24,FRZ-06,Frozen Foods,47,0
2023-05-01,FRZ-06,Frozen Foods,64,0
2023-05-08,FRZ-06,Frozen Foods,20,0
2023-05-15,FRZ-06,Frozen Foods,72,0
2023-05-22,FRZ-06,Frozen Foods,61,0
2023-05-29,FRZ-06,Frozen Foods,128,0
2023-06-05,FRZ-06,Frozen Foods,102,0
2023-06-12,FRZ-06,Frozen Foods,53,0
2023-06-19,FRZ-06,Frozen Foods,71,1
2023-06-26,FRZ-06,Frozen Foods,66,0
2023-07-03,FRZ-06,Frozen Foods,172,0
2023-07-10,FRZ-06,Frozen Foods,45,0
2023-07-17,FRZ-06,Frozen Foods,46,0
2023-07-24,FRZ-06,Frozen Foods,35,0
2023-07-31,FRZ-06,Frozen Foods,28,0
2023-08-07,FRZ-06,Frozen Foods,76,0
2023-08-14,FRZ-06,Frozen Foods,70,0
2023-08-21,FRZ-06,Frozen Foods,128,0
2023-08-28,FRZ-06,Frozen Foods,110,0
2023-09-04,FRZ-06,Frozen Foods,235,0
2023-09-11,FRZ-06,Frozen Foods,56,0
2023-09-18,FRZ-06,Frozen Foods,60,1
2023-09-25,FRZ-06,Frozen Foods,27,0
2023-10-02,FRZ-06,Frozen Foods,85,0
2023-10-09,FRZ-06,Frozen Foods,60,0
2023-10-16,FRZ-06,Frozen Foods,80,0
2023-10-23,FRZ-06,Frozen Foods,28,0
2023-10-30,FRZ-06,Frozen Foods,65,0
2023-11-06,FRZ-06,Frozen Foods,59,0
2023-11-13,FRZ-06,Frozen Foods,55,0
2023-11-20,FRZ-06,Frozen Foods,34,0
2023-11-27,FRZ-06,Frozen Foods,96,0
2023-12-04,FRZ-06,Frozen Foods,154,0
2023-12-11,FRZ-06,Frozen Foods,25,0
2023-12-18,FRZ-06,Frozen Foods,69,0
2023-12-25,FRZ-06,Frozen Foods,9,0
2024-01-01,FRZ-06,Frozen Foods,67,0
2024-01-08,FRZ-06,Frozen Foods,16,0
2024-01-15,FRZ-06,Frozen Foods,35,0
2024-01-22,FRZ-06,Frozen Foods,23,0
2024-01-29,FRZ-06,Frozen Foods,44,0
2024-02-05,FRZ-06,Frozen Foods,84,0
2024-02-12,FRZ-06,Frozen Foods,19,0
2024-02-19,FRZ-06,Frozen Foods,47,0
2024-02-26,FRZ-06,Frozen Foods,46,0
2024-03-04,FRZ-06,Frozen Foods,160,0
2024-03-11,FRZ-06,Frozen Foods,87,0
2024-03-18,FRZ-06,Frozen Foods,37,0
2024-03-25,FRZ-06,Frozen Foods,57,0
2024-04-01,FRZ-06,Frozen Foods,191,0
2024-04-08,FRZ-06,Frozen Foods,122,0
2024-04-15,FRZ-06,Frozen Foods,50,0
2024-04-22,FRZ-06,Frozen Foods,74,0
2024-04-29,FRZ-06,Frozen Foods,76,0
2024-05-06,FRZ-06,Frozen Foods,65,0
2024-05-13,FRZ-06,Frozen Foods,33,0
2024-05-20,FRZ-06,Frozen Foods,60,0
2024-05-27,FRZ-06,Frozen Foods,195,0
2024-06-03,FRZ-06,Frozen Foods,70,0
2024-06-10,FRZ-06,Frozen Foods,80,0
2024-06-17,FRZ-06,Frozen Foods,90,0
2024-06-24,FRZ-06,Frozen Foods,485,1
2024-07-01,FRZ-06,Frozen Foods,80,0
2024-07-08,FRZ-06,Frozen Foods,144,0
2024-07-15,FRZ-06,Frozen Foods,53,0
2024-07-22,FRZ-06,Frozen Foods,63,0
2024-07-29,FRZ-06,Frozen Foods,72,0
2024-08-05,FRZ-06,Frozen Foods,45,0
2024-08-12,FRZ-06,Frozen Foods,60,0
2024-08-19,FRZ-06,Frozen Foods,110,0
2024-08-26,FRZ-06,Frozen Foods,50,1
2024-09-02,FRZ-06,Frozen Foods,64,0
2024-09-09,FRZ-06,Frozen Foods,95,0
2024-09-16,FRZ-06,Frozen Foods,39,0
2024-09-23,FRZ-06,Frozen Foods,116,0
2024-09-30,FRZ-06,Frozen Foods,64,0
2024-10-07,FRZ-06,Frozen Foods,55,0
2024-10-14,FRZ-06,Frozen Foods,19,0
2024-10-21,FRZ-06,Frozen Foods,47,0
2024-10-28,FRZ-06,Frozen Foods,71,0
2024-11-04,FRZ-06,Frozen Foods,240,1
2024-11-11,FRZ-06,Frozen Foods,76,0
2024-11-18,FRZ-06,Frozen Foods,103,0
2024-11-25,FRZ-06,Frozen Foods,26,0
2024-12-02,FRZ-06,Frozen Foods,48,0
2024-12-09,FRZ-06,Frozen Foods,101,0
2024-12-16,FRZ-06,Frozen Foods,30,0
2024-12-23,FRZ-06,Frozen Foods,85,0
2022-01-03,FRZ-07,Frozen Foods,63,0
2022-01-10,FRZ-07,Frozen Foods,61,0
2022-01-17,FRZ-07,Frozen Foods,63,0
2022-01-24,FRZ-07,Frozen Foods,57,0
2022-01-31,FRZ-07,Frozen Foods,49,0
2022-02-07,FRZ-07,Frozen Foods,36,0
2022-02-14,FRZ-07,Frozen Foods,87,0
2022-02-21,FRZ-07,Frozen Foods,76,0
2022-02-28,FRZ-07,Frozen Foods,51,0
2022-03-07,FRZ-07,Frozen Foods,100,0
2022-03-14,FRZ-07,Frozen Foods,92,0
2022-03-21,FRZ-07,Frozen Foods,91,0
2022-03-28,FRZ-07,Frozen Foods,47,0
2022-04-04,FRZ-07,Frozen Foods,167,0
2022-04-11,FRZ-07,Frozen Foods,78,0
2022-04-18,FRZ-07,Frozen Foods,141,0
2022-04-25,FRZ-07,Frozen Foods,101,0
2022-05-02,FRZ-07,Frozen Foods,152,1
2022-05-09,FRZ-07,Frozen Foods,244,0
2022-05-16,FRZ-07,Frozen Foods,190,0
2022-05-23,FRZ-07,Frozen Foods,247,0
2022-05-30,FRZ-07,Frozen Foods,175,0
2022-06-06,FRZ-07,Frozen Foods,179,0
2022-06-13,FRZ-07,Frozen Foods,70,0
2022-06-20,FRZ-07,Frozen Foods,128,0
2022-06-27,FRZ-07,Frozen Foods,130,0
2022-07-04,FRZ-07,Frozen Foods,234,0
2022-07-11,FRZ-07,Frozen Foods,109,0
2022-07-18,FRZ-07,Frozen Foods,146,0
2022-07-25,FRZ-07,Frozen Foods,139,0
2022-08-01,FRZ-07,Frozen Foods,199,0
2022-08-08,FRZ-07,Frozen Foods,111,0
2022-08-15,FRZ-07,Frozen Foods,162,0
2022-08-22,FRZ-07,Frozen Foods,54,0
2022-08-29,FRZ-07,Frozen Foods,54,0
2022-09-05,FRZ-07,Frozen Foods,40,0
2022-09-12,FRZ-07,Frozen Foods,144,0
2022-09-19,FRZ-07,Frozen Foods,135,0
2022-09-26,FRZ-07,Frozen Foods,146,0
2022-10-03,FRZ-07,Frozen Foods,73,0
2022-10-10,FRZ-07,Frozen Foods,76,0
2022-10-17,FRZ-07,Frozen Foods,90,0
2022-10-24,FRZ-07,Frozen Foods,172,0
2022-10-31,FRZ-07,Frozen Foods,188,0
2022-11-07,FRZ-07,Frozen Foods,125,0
2022-11-14,FRZ-07,Frozen Foods,100,0
2022-11-21,FRZ-07,Frozen Foods,149,0
2022-11-28,FRZ-07,Frozen Foods,73,0
2022-12-05,FRZ-07,Frozen Foods,67,0
2022-12-12,FRZ-07,Frozen Foods,73,0
2022-12-19,FRZ-07,Frozen Foods,49,0
2022-12-26,FRZ-07,Frozen Foods,68,0
2023-01-02,FRZ-07,Frozen Foods,44,0
2023-01-09,FRZ-07,Frozen Foods,110,0
2023-01-16,FRZ-07,Frozen Foods,145,1
2023-01-23,FRZ-07,Frozen Foods,132,0
2023-01-30,FRZ-07,Frozen Foods,37,0
2023-02-06,FRZ-07,Frozen Foods,172,0
2023-02-13,FRZ-07,Frozen Foods,41,0
2023-02-20,FRZ-07,Frozen Foods,51,0
2023-02-27,FRZ-07,Frozen Foods,69,0
2023-03-06,FRZ-07,Frozen Foods,168,0
2023-03-13,FRZ-07,Frozen Foods,113,0
2023-03-20,FRZ-07,Frozen Foods,99,0
2023-03-27,FRZ-07,Frozen Foods,83,0
2023-04-03,FRZ-07,Frozen Foods,69,0
2023-04-10,FRZ-07,Frozen Foods,210,0
2023-04-17,FRZ-07,Frozen Foods,287,1
2023-04-24,FRZ-07,Frozen Foods,413,1
2023-05-01,FRZ-07,Frozen Foods,172,0
2023-05-08,FRZ-07,Frozen Foods,48,0
2023-05-15,FRZ-07,Frozen Foods,89,0
2023-05-22,FRZ-07,Frozen Foods,185,0
2023-05-29,FRZ-07,Frozen Foods,130,0
2023-06-05,FRZ-07,Frozen Foods,119,0
2023-06-12,FRZ-07,Frozen Foods,93,0
2023-06-19,FRZ-07,Frozen Foods,219,0
2023-06-26,FRZ-07,Frozen Foods,174,0
2023-07-03,FRZ-07,Frozen Foods,173,0
2023-07-10,FRZ-07,Frozen Foods,103,0
2023-07-17,FRZ-07,Frozen Foods,141,0
2023-07-24,FRZ-07,Frozen Foods,72,0
2023-07-31,FRZ-07,Frozen Foods,116,0
2023-08-07,FRZ-07,Frozen Foods,40,0
2023-08-14,FRZ-07,Frozen Foods,59,0
2023-08-21,FRZ-07,Frozen Foods,97,0
2023-08-28,FRZ-07,Frozen Foods,297,0
2023-09-04,FRZ-07,Frozen Foods,49,0
2023-09-11,FRZ-07,Frozen Foods,61,0
2023-09-18,FRZ-07,Frozen Foods,111,0
2023-09-25,FRZ-07,Frozen Foods,212,0
2023-10-02,FRZ-07,Frozen Foods,107,0
2023-10-09,FRZ-07,Frozen Foods,130,0
2023-10-16,FRZ-07,Frozen Foods,82,0
2023-10-23,FRZ-07,Frozen Foods,75,0
2023-10-30,FRZ-07,Frozen Foods,95,0
2023-11-06,FRZ-07,Frozen Foods,67,0
2023-11-13,FRZ-07,Frozen Foods,118,0
2023-11-20,FRZ-07,Frozen Foods,43,0
2023-11-27,FRZ-07,Frozen Foods,120,0
2023-12-04,FRZ-07,Frozen Foods,81,0
2023-12-11,FRZ-07,Frozen Foods,70,0
2023-12-18,FRZ-07,Frozen Foods,37,0
2023-12-25,FRZ-07,Frozen Foods,48,0
2024-01-01,FRZ-07,Frozen Foods,119,0
2024-01-08,FRZ-07,Frozen Foods,65,0
2024-01-15,FRZ-07,Frozen Foods,80,0
2024-01-22,FRZ-07,Frozen Foods,49,0
2024-01-29,FRZ-07,Frozen Foods,72,0
2024-02-05,FRZ-07,Frozen Foods,42,0
2024-02-12,FRZ-07,Frozen Foods,83,0
2024-02-19,FRZ-07,Frozen Foods,124,1
2024-02-26,FRZ-07,Frozen Foods,102,0
2024-03-04,FRZ-07,Frozen Foods,65,0
2024-03-11,FRZ-07,Frozen Foods,88,0
2024-03-18,FRZ-07,Frozen Foods,136,0
2024-03-25,FRZ-07,Frozen Foods,105,0
2024-04-01,FRZ-07,Frozen Foods,108,0
2024-04-08,FRZ-07,Frozen Foods,434,1
2024-04-15,FRZ-07,Frozen Foods,110,1
2024-04-22,FRZ-07,Frozen Foods,221,0
2024-04-29,FRZ-07,Frozen Foods,88,0
2024-05-06,FRZ-07,Frozen Foods,195,0
2024-05-13,FRZ-07,Frozen Foods,342,1
2024-05-20,FRZ-07,Frozen Foods,122,0
2024-05-27,FRZ-07,Frozen Foods,90,0
2024-06-03,FRZ-07,Frozen Foods,65,0
2024-06-10,FRZ-07,Frozen Foods,115,0
2024-06-17,FRZ-07,Frozen Foods,261,1
2024-06-24,FRZ-07,Frozen Foods,91,0
2024-07-01,FRZ-07,Frozen Foods,146,0
2024-07-08,FRZ-07,Frozen Foods,72,0
2024-07-15,FRZ-07,Frozen Foods,119,0
2024-07-22,FRZ-07,Frozen Foods,78,0
2024-07-29,FRZ-07,Frozen Foods,118,0
2024-08-05,FRZ-07,Frozen Foods,96,0
2024-08-12,FRZ-07,Frozen Foods,69,0
2024-08-19,FRZ-07,Frozen Foods,84,0
2024-08-26,FRZ-07,Frozen Foods,73,0
2024-09-02,FRZ-07,Frozen Foods,60,0
2024-09-09,FRZ-07,Frozen Foods,164,0
2024-09-16,FRZ-07,Frozen Foods,87,0
2024-09-23,FRZ-07,Frozen Foods,39,0
2024-09-30,FRZ-07,Frozen Foods,75,0
2024-10-07,FRZ-07,Frozen Foods,142,0
2024-10-14,FRZ-07,Frozen Foods,69,0
2024-10-21,FRZ-07,Frozen Foods,176,0
2024-10-28,FRZ-07,Frozen Foods,63,0
2024-11-04,FRZ-07,Frozen Foods,111,0
2024-11-11,FRZ-07,Frozen Foods,135,0
2024-11-18,FRZ-07,Frozen Foods,103,0
2024-11-25,FRZ-07,Frozen Foods,46,0
2024-12-02,FRZ-07,Frozen Foods,53,0
2024-12-09,FRZ-07,Frozen Foods,127,0
2024-12-16,FRZ-07,Frozen Foods,53,0
2024-12-23,FRZ-07,Frozen Foods,110,0
2022-01-03,FRZ-08,Frozen Foods,353,0
2022-01-10,FRZ-08,Frozen Foods,326,0
2022-01-17,FRZ-08,Frozen Foods,345,0
2022-01-24,FRZ-08,Frozen Foods,333,0
2022-01-31,FRZ-08,Frozen Foods,330,0
2022-02-07,FRZ-08,Frozen Foods,475,0
2022-02-14,FRZ-08,Frozen Foods,338,0
2022-02-21,FRZ-08,Frozen Foods,461,0
2022-02-28,FRZ-08,Frozen Foods,476,0
2022-03-07,FRZ-08,Frozen Foods,371,0
2022-03-14,FRZ-08,Frozen Foods,435,0
2022-03-21,FRZ-08,Frozen Foods,666,1
2022-03-28,FRZ-08,Frozen Foods,583,0
2022-04-04,FRZ-08,Frozen Foods,530,0
2022-04-11,FRZ-08,Frozen Foods,571,0
2022-04-18,FRZ-08,Frozen Foods,482,0
2022-04-25,FRZ-08,Frozen Foods,1136,1
2022-05-02,FRZ-08,Frozen Foods,622,0
2022-05-09,FRZ-08,Frozen Foods,667,0
2022-05-16,FRZ-08,Frozen Foods,576,0
2022-05-23,FRZ-08,Frozen Foods,565,0
2022-05-30,FRZ-08,Frozen Foods,809,0
2022-06-06,FRZ-08,Frozen Foods,461,0
2022-06-13,FRZ-08,Frozen Foods,621,0
2022-06-20,FRZ-08,Frozen Foods,491,0
2022-06-27,FRZ-08,Frozen Foods,539,0
2022-07-04,FRZ-08,Frozen Foods,843,1
2022-07-11,FRZ-08,Frozen Foods,472,0
2022-07-18,FRZ-08,Frozen Foods,533,0
2022-07-25,FRZ-08,Frozen Foods,358,0
2022-08-01,FRZ-08,Frozen Foods,484,0
2022-08-08,FRZ-08,Frozen Foods,490,0
2022-08-15,FRZ-08,Frozen Foods,401,0
2022-08-22,FRZ-08,Frozen Foods,597,0
2022-08-29,FRZ-08,Frozen Foods,435,0
2022-09-05,FRZ-08,Frozen Foods,453,0
2022-09-12,FRZ-08,Frozen Foods,426,0
2022-09-19,FRZ-08,Frozen Foods,454,0
2022-09-26,FRZ-08,Frozen Foods,550,0
2022-10-03,FRZ-08,Frozen Foods,644,0
2022-10-10,FRZ-08,Frozen Foods,497,0
2022-10-17,FRZ-08,Frozen Foods,515,0
2022-10-24,FRZ-08,Frozen Foods,555,0
2022-10-31,FRZ-08,Frozen Foods,442,0
2022-11-07,FRZ-08,Frozen Foods,525,0
2022-11-14,FRZ-08,Frozen Foods,460,0
2022-11-21,FRZ-08,Frozen Foods,411,0
2022-11-28,FRZ-08,Frozen Foods,415,0
2022-12-05,FRZ-08,Frozen Foods,298,0
2022-12-12,FRZ-08,Frozen Foods,398,0
2022-12-19,FRZ-08,Frozen Foods,303,0
2022-12-26,FRZ-08,Frozen Foods,299,0
2023-01-02,FRZ-08,Frozen Foods,472,1
2023-01-09,FRZ-08,Frozen Foods,328,0
2023-01-16,FRZ-08,Frozen Foods,393,0
2023-01-23,FRZ-08,Frozen Foods,414,0
2023-01-30,FRZ-08,Frozen Foods,433,0
2023-02-06,FRZ-08,Frozen Foods,388,0
2023-02-13,FRZ-08,Frozen Foods,529,0
2023-02-20,FRZ-08,Frozen Foods,484,0
2023-02-27,FRZ-08,Frozen Foods,551,0
2023-03-06,FRZ-08,Frozen Foods,460,0
2023-03-13,FRZ-08,Frozen Foods,561,0
2023-03-20,FRZ-08,Frozen Foods,708,0
2023-03-27,FRZ-08,Frozen Foods,727,0
2023-04-03,FRZ-08,Frozen Foods,586,0
2023-04-10,FRZ-08,Frozen Foods,629,0
2023-04-17,FRZ-08,Frozen Foods,607,0
2023-04-24,FRZ-08,Frozen Foods,651,0
2023-05-01,FRZ-08,Frozen Foods,595,0
2023-05-08,FRZ-08,Frozen Foods,720,0
2023-05-15,FRZ-08,Frozen Foods,807,0
2023-05-22,FRZ-08,Frozen Foods,657,0
2023-05-29,FRZ-08,Frozen Foods,720,0
2023-06-05,FRZ-08,Frozen Foods,698,0
2023-06-12,FRZ-08,Frozen Foods,825,0
2023-06-19,FRZ-08,Frozen Foods,637,0
2023-06-26,FRZ-08,Frozen Foods,800,1
2023-07-03,FRZ-08,Frozen Foods,588,0
2023-07-10,FRZ-08,Frozen Foods,550,0
2023-07-17,FRZ-08,Frozen Foods,681,0
2023-07-24,FRZ-08,Frozen Foods,604,0
2023-07-31,FRZ-08,Frozen Foods,607,0
2023-08-07,FRZ-08,Frozen Foods,708,0
2023-08-14,FRZ-08,Frozen Foods,701,0
2023-08-21,FRZ-08,Frozen Foods,450,0
2023-08-28,FRZ-08,Frozen Foods,617,0
2023-09-04,FRZ-08,Frozen Foods,574,0
2023-09-11,FRZ-08,Frozen Foods,515,0
2023-09-18,FRZ-08,Frozen Foods,572,0
2023-09-25,FRZ-08,Frozen Foods,422,0
2023-10-02,FRZ-08,Frozen Foods,660,0
2023-10-09,FRZ-08,Frozen Foods,921,1
2023-10-16,FRZ-08,Frozen Foods,462,0
2023-10-23,FRZ-08,Frozen Foods,474,0
2023-10-30,FRZ-08,Frozen Foods,397,0
2023-11-06,FRZ-08,Frozen Foods,476,0
2023-11-13,FRZ-08,Frozen Foods,455,0
2023-11-20,FRZ-08,Frozen Foods,395,0
2023-11-27,FRZ-08,Frozen Foods,524,0
2023-12-04,FRZ-08,Frozen Foods,553,0
2023-12-11,FRZ-08,Frozen Foods,451,0
2023-12-18,FRZ-08,Frozen Foods,429,0
2023-12-25,FRZ-08,Frozen Foods,476,0
2024-01-01,FRZ-08,Frozen Foods,447,0
2024-01-08,FRZ-08,Frozen Foods,388,0
2024-01-15,FRZ-08,Frozen Foods,422,0
2024-01-22,FRZ-08,Frozen Foods,458,0
2024-01-29,FRZ-08,Frozen Foods,514,0
2024-02-05,FRZ-08,Frozen Foods,519,0
2024-02-12,FRZ-08,Frozen Foods,562,0
2024-02-19,FRZ-08,Frozen Foods,462,0
2024-02-26,FRZ-08,Frozen Foods,668,0
2024-03-04,FRZ-08,Frozen Foods,641,0
2024-03-11,FRZ-08,Frozen Foods,975,0
2024-03-18,FRZ-08,Frozen Foods,671,0
2024-03-25,FRZ-08,Frozen Foods,778,0
2024-04-01,FRZ-08,Frozen Foods,1161,0
2024-04-08,FRZ-08,Frozen Foods,824,0
2024-04-15,FRZ-08,Frozen Foods,1230,1
2024-04-22,FRZ-08,Frozen Foods,1143,1
2024-04-29,FRZ-08,Frozen Foods,1070,0
2024-05-06,FRZ-08,Frozen Foods,735,0
2024-05-13,FRZ-08,Frozen Foods,1594,1
2024-05-20,FRZ-08,Frozen Foods,814,0
2024-05-27,FRZ-08,Frozen Foods,842,0
2024-06-03,FRZ-08,Frozen Foods,697,0
2024-06-10,FRZ-08,Frozen Foods,1022,0
2024-06-17,FRZ-08,Frozen Foods,794,0
2024-06-24,FRZ-08,Frozen Foods,679,0
2024-07-01,FRZ-08,Frozen Foods,945,0
2024-07-08,FRZ-08,Frozen Foods,716,0
2024-07-15,FRZ-08,Frozen Foods,788,0
2024-07-22,FRZ-08,Frozen Foods,827,0
2024-07-29,FRZ-08,Frozen Foods,990,1
2024-08-05,FRZ-08,Frozen Foods,511,0
2024-08-12,FRZ-08,Frozen Foods,760,0
2024-08-19,FRZ-08,Frozen Foods,667,0
2024-08-26,FRZ-08,Frozen Foods,637,0
2024-09-02,FRZ-08,Frozen Foods,650,0
2024-09-09,FRZ-08,Frozen Foods,518,0
2024-09-16,FRZ-08,Frozen Foods,665,0
2024-09-23,FRZ-08,Frozen Foods,527,0
2024-09-30,FRZ-08,Frozen Foods,609,0
2024-10-07,FRZ-08,Frozen Foods,642,0
2024-10-14,FRZ-08,Frozen Foods,724,0
2024-10-21,FRZ-08,Frozen Foods,657,1
2024-10-28,FRZ-08,Frozen Foods,742,0
2024-11-04,FRZ-08,Frozen Foods,678,0
2024-11-11,FRZ-08,Frozen Foods,545,0
2024-11-18,FRZ-08,Frozen Foods,485,0
2024-11-25,FRZ-08,Frozen Foods,453,0
2024-12-02,FRZ-08,Frozen Foods,568,0
2024-12-09,FRZ-08,Frozen Foods,484,0
2024-12-16,FRZ-08,Frozen Foods,632,0
2024-12-23,FRZ-08,Frozen Foods,480,0
2022-01-03,FRZ-09,Frozen Foods,16,0
2022-01-10,FRZ-09,Frozen Foods,22,0
2022-01-17,FRZ-09,Frozen Foods,33,0
2022-01-24,FRZ-09,Frozen Foods,39,0
2022-01-31,FRZ-09,Frozen Foods,21,0
2022-02-07,FRZ-09,Frozen Foods,34,0
2022-02-14,FRZ-09,Frozen Foods,67,0
2022-02-21,FRZ-09,Frozen Foods,13,0
2022-02-28,FRZ-09,Frozen Foods,42,0
2022-03-07,FRZ-09,Frozen Foods,24,0
2022-03-14,FRZ-09,Frozen Foods,24,0
2022-03-21,FRZ-09,Frozen Foods,59,0
2022-03-28,FRZ-09,Frozen Foods,37,0
2022-04-04,FRZ-09,Frozen Foods,25,0
2022-04-11,FRZ-09,Frozen Foods,137,0
2022-04-18,FRZ-09,Frozen Foods,109,0
2022-04-25,FRZ-09,Frozen Foods,18,0
2022-05-02,FRZ-09,Frozen Foods,24,0
2022-05-09,FRZ-09,Frozen Foods,95,0
2022-05-16,FRZ-09,Frozen Foods,54,0
2022-05-23,FRZ-09,Frozen Foods,174,0
2022-05-30,FRZ-09,Frozen Foods,98,0
2022-06-06,FRZ-09,Frozen Foods,79,0
2022-06-13,FRZ-09,Frozen Foods,33,0
2022-06-20,FRZ-09,Frozen Foods,87,0
2022-06-27,FRZ-09,Frozen Foods,27,0
2022-07-04,FRZ-09,Frozen Foods,204,1
2022-07-11,FRZ-09,Frozen Foods,77,0
2022-07-18,FRZ-09,Frozen Foods,33,0
2022-07-25,FRZ-09,Frozen Foods,94,0
2022-08-01,FRZ-09,Frozen Foods,233,0
2022-08-08,FRZ-09,Frozen Foods,46,0
2022-08-15,FRZ-09,Frozen Foods,74,0
2022-08-22,FRZ-09,Frozen Foods,38,0
2022-08-29,FRZ-09,Frozen Foods,52,0
2022-09-05,FRZ-09,Frozen Foods,18,0
2022-09-12,FRZ-09,Frozen Foods,48,0
2022-09-19,FRZ-09,Frozen Foods,49,0
2022-09-26,FRZ-09,Frozen Foods,151,0
2022-10-03,FRZ-09,Frozen Foods,14,0
2022-10-10,FRZ-09,Frozen Foods,38,0
2022-10-17,FRZ-09,Frozen Foods,105,0
2022-10-24,FRZ-09,Frozen Foods,38,0
2022-10-31,FRZ-09,Frozen Foods,39,0
2022-11-07,FRZ-09,Frozen Foods,25,0
2022-11-14,FRZ-09,Frozen Foods,23,0
2022-11-21,FRZ-09,Frozen Foods,13,0
2022-11-28,FRZ-09,Frozen Foods,27,0
2022-12-05,FRZ-09,Frozen Foods,21,0
2022-12-12,FRZ-09,Frozen Foods,42,0
2022-12-19,FRZ-09,Frozen Foods,23,0
2022-12-26,FRZ-09,Frozen Foods,27,0
2023-01-02,FRZ-09,Frozen Foods,28,0
2023-01-09,FRZ-09,Frozen Foods,36,0
2023-01-16,FRZ-09,Frozen Foods,27,0
2023-01-23,FRZ-09,Frozen Foods,19,0
2023-01-30,FRZ-09,Frozen Foods,42,0
2023-02-06,FRZ-09,Frozen Foods,82,0
2023-02-13,FRZ-09,Frozen Foods,47,0
2023-02-20,FRZ-09,Frozen Foods,30,0
2023-02-27,FRZ-09,Frozen Foods,44,0
2023-03-06,FRZ-09,Frozen Foods,13,0
2023-03-13,FRZ-09,Frozen Foods,49,0
2023-03-20,FRZ-09,Frozen Foods,44,0
2023-03-27,FRZ-09,Frozen Foods,33,0
2023-04-03,FRZ-09,Frozen Foods,39,0
2023-04-10,FRZ-09,Frozen Foods,51,0
2023-04-17,FRZ-09,Frozen Foods,131,0
2023-04-24,FRZ-09,Frozen Foods,144,0
2023-05-01,FRZ-09,Frozen Foods,40,0
2023-05-08,FRZ-09,Frozen Foods,53,0
2023-05-15,FRZ-09,Frozen Foods,54,0
2023-05-22,FRZ-09,Frozen Foods,185,1
2023-05-29,FRZ-09,Frozen Foods,83,0
2023-06-05,FRZ-09,Frozen Foods,80,0
2023-06-12,FRZ-09,Frozen Foods,105,0
2023-06-19,FRZ-09,Frozen Foods,49,0
2023-06-26,FRZ-09,Frozen Foods,173,0
2023-07-03,FRZ-09,Frozen Foods,70,0
2023-07-10,FRZ-09,Frozen Foods,39,0
2023-07-17,FRZ-09,Frozen Foods,57,0
2023-07-24,FRZ-09,Frozen Foods,143,0
2023-07-31,FRZ-09,Frozen Foods,47,0
2023-08-07,FRZ-09,Frozen Foods,113,0
2023-08-14,FRZ-09,Frozen Foods,40,0
2023-08-21,FRZ-09,Frozen Foods,35,0
2023-08-28,FRZ-09,Frozen Foods,88,0
2023-09-04,FRZ-09,Frozen Foods,32,0
2023-09-11,FRZ-09,Frozen Foods,95,0
2023-09-18,FRZ-09,Frozen Foods,69,0
2023-09-25,FRZ-09,Frozen Foods,31,0
2023-10-02,FRZ-09,Frozen Foods,51,0
2023-10-09,FRZ-09,Frozen Foods,37,0
2023-10-16,FRZ-09,Frozen Foods,66,0
2023-10-23,FRZ-09,Frozen Foods,176,0
2023-10-30,FRZ-09,Frozen Foods,40,0
2023-11-06,FRZ-09,Frozen Foods,70,0
2023-11-13,FRZ-09,Frozen Foods,50,0
2023-11-20,FRZ-09,Frozen Foods,48,0
2023-11-27,FRZ-09,Frozen Foods,42,0
2023-12-04,FRZ-09,Frozen Foods,26,0
2023-12-11,FRZ-09,Frozen Foods,55,0
2023-12-18,FRZ-09,Frozen Foods,36,0
2023-12-25,FRZ-09,Frozen Foods,24,0
2024-01-01,FRZ-09,Frozen Foods,83,0
2024-01-08,FRZ-09,Frozen Foods,45,0
2024-01-15,FRZ-09,Frozen Foods,37,0
2024-01-22,FRZ-09,Frozen Foods,105,0
2024-01-29,FRZ-09,Frozen Foods,14,0
2024-02-05,FRZ-09,Frozen Foods,107,0
2024-02-12,FRZ-09,Frozen Foods,28,0
2024-02-19,FRZ-09,Frozen Foods,59,0
2024-02-26,FRZ-09,Frozen Foods,57,1
2024-03-04,FRZ-09,Frozen Foods,32,0
2024-03-11,FRZ-09,Frozen Foods,144,0
2024-03-18,FRZ-09,Frozen Foods,218,0
2024-03-25,FRZ-09,Frozen Foods,59,0
2024-04-01,FRZ-09,Frozen Foods,90,0
2024-04-08,FRZ-09,Frozen Foods,78,0
2024-04-15,FRZ-09,Frozen Foods,242,0
2024-04-22,FRZ-09,Frozen Foods,21,0
2024-04-29,FRZ-09,Frozen Foods,107,0
2024-05-06,FRZ-09,Frozen Foods,53,0
2024-05-13,FRZ-09,Frozen Foods,19,0
2024-05-20,FRZ-09,Frozen Foods,69,0
2024-05-27,FRZ-09,Frozen Foods,289,0
2024-06-03,FRZ-09,Frozen Foods,56,0
2024-06-10,FRZ-09,Frozen Foods,143,0
2024-06-17,FRZ-09,Frozen Foods,183,0
2024-06-24,FRZ-09,Frozen Foods,82,0
2024-07-01,FRZ-09,Frozen Foods,87,0
2024-07-08,FRZ-09,Frozen Foods,26,0
2024-07-15,FRZ-09,Frozen Foods,48,0
2024-07-22,FRZ-09,Frozen Foods,134,0
2024-07-29,FRZ-09,Frozen Foods,75,0
2024-08-05,FRZ-09,Frozen Foods,89,0
2024-08-12,FRZ-09,Frozen Foods,75,0
2024-08-19,FRZ-09,Frozen Foods,280,0
2024-08-26,FRZ-09,Frozen Foods,50,0
2024-09-02,FRZ-09,Frozen Foods,184,0
2024-09-09,FRZ-09,Frozen Foods,70,0
2024-09-16,FRZ-09,Frozen Foods,190,0
2024-09-23,FRZ-09,Frozen Foods,28,0
2024-09-30,FRZ-09,Frozen Foods,69,0
2024-10-07,FRZ-09,Frozen Foods,47,0
2024-10-14,FRZ-09,Frozen Foods,66,0
2024-10-21,FRZ-09,Frozen Foods,132,0
2024-10-28,FRZ-09,Frozen Foods,75,0
2024-11-04,FRZ-09,Frozen Foods,127,0
2024-11-11,FRZ-09,Frozen Foods,36,0
2024-11-18,FRZ-09,Frozen Foods,32,0
2024-11-25,FRZ-09,Frozen Foods,54,0
2024-12-02,FRZ-09,Frozen Foods,51,0
2024-12-09,FRZ-09,Frozen Foods,46,0
2024-12-16,FRZ-09,Frozen Foods,27,0
2024-12-23,FRZ-09,Frozen Foods,108,0
2022-01-03,HHD-01,Household,27,0
2022-01-10,HHD-01,Household,41,0
2022-01-17,HHD-01,Household,61,0
2022-01-24,HHD-01,Household,26,0
2022-01-31,HHD-01,Household,66,0
2022-02-07,HHD-01,Household,54,1
2022-02-14,HHD-01,Household,30,0
2022-02-21,HHD-01,Household,26,0
2022-02-28,HHD-01,Household,31,0
2022-03-07,HHD-01,Household,26,1
2022-03-14,HHD-01,Household,29,0
2022-03-21,HHD-01,Household,30,0
2022-03-28,HHD-01,Household,23,0
2022-04-04,HHD-01,Household,39,0
2022-04-11,HHD-01,Household,29,0
2022-04-18,HHD-01,Household,25,0
2022-04-25,HHD-01,Household,27,0
2022-05-02,HHD-01,Household,33,0
2022-05-09,HHD-01,Household,30,0
2022-05-16,HHD-01,Household,23,0
2022-05-23,HHD-01,Household,30,0
2022-05-30,HHD-01,Household,40,1
2022-06-06,HHD-01,Household,20,0
2022-06-13,HHD-01,Household,26,0
2022-06-20,HHD-01,Household,34,0
2022-06-27,HHD-01,Household,33,0
2022-07-04,HHD-01,Household,26,0
2022-07-11,HHD-01,Household,34,0
2022-07-18,HHD-01,Household,20,0
2022-07-25,HHD-01,Household,20,0
2022-08-01,HHD-01,Household,25,0
2022-08-08,HHD-01,Household,42,0
2022-08-15,HHD-01,Household,27,0
2022-08-22,HHD-01,Household,24,0
2022-08-29,HHD-01,Household,41,0
2022-09-05,HHD-01,Household,23,0
2022-09-12,HHD-01,Household,51,0
2022-09-19,HHD-01,Household,22,0
2022-09-26,HHD-01,Household,19,0
2022-10-03,HHD-01,Household,24,0
2022-10-10,HHD-01,Household,24,0
2022-10-17,HHD-01,Household,20,0
2022-10-24,HHD-01,Household,59,0
2022-10-31,HHD-01,Household,30,0
2022-11-07,HHD-01,Household,32,0
2022-11-14,HHD-01,Household,24,0
2022-11-21,HHD-01,Household,24,0
2022-11-28,HHD-01,Household,41,0
2022-12-05,HHD-01,Household,18,0
2022-12-12,HHD-01,Household,22,0
2022-12-19,HHD-01,Household,38,1
2022-12-26,HHD-01,Household,49,0
2023-01-02,HHD-01,Household,29,0
2023-01-09,HHD-01,Household,38,0
2023-01-16,HHD-01,Household,57,1
2023-01-23,HHD-01,Household,50,0
2023-01-30,HHD-01,Household,21,0
2023-02-06,HHD-01,Household,42,0
2023-02-13,HHD-01,Household,31,0
2023-02-20,HHD-01,Household,44,0
2023-02-27,HHD-01,Household,25,0
2023-03-06,HHD-01,Household,33,0
2023-03-13,HHD-01,Household,31,0
2023-03-20,HHD-01,Household,23,0
2023-03-27,HHD-01,Household,21,0
2023-04-03,HHD-01,Household,26,0
2023-04-10,HHD-01,Household,31,0
2023-04-17,HHD-01,Household,24,0
2023-04-24,HHD-01,Household,35,1
2023-05-01,HHD-01,Household,22,1
2023-05-08,HHD-01,Household,26,0
2023-05-15,HHD-01,Household,39,0
2023-05-22,HHD-01,Household,35,0
2023-05-29,HHD-01,Household,27,0
2023-06-05,HHD-01,Household,30,0
2023-06-12,HHD-01,Household,21,0
2023-06-19,HHD-01,Household,45,0
2023-06-26,HHD-01,Household,52,0
2023-07-03,HHD-01,Household,29,0
2023-07-10,HHD-01,Household,60,0
2023-07-17,HHD-01,Household,22,0
2023-07-24,HHD-01,Household,18,0
2023-07-31,HHD-01,Household,21,0
2023-08-07,HHD-01,Household,24,0
2023-08-14,HHD-01,Household,52,0
2023-08-21,HHD-01,Household,23,0
2023-08-28,HHD-01,Household,19,0
2023-09-04,HHD-01,Household,19,0
2023-09-11,HHD-01,Household,35,0
2023-09-18,HHD-01,Household,34,0
2023-09-25,HHD-01,Household,21,0
2023-10-02,HHD-01,Household,14,0
2023-10-09,HHD-01,Household,18,0
2023-10-16,HHD-01,Household,43,0
2023-10-23,HHD-01,Household,32,0
2023-10-30,HHD-01,Household,27,0
2023-11-06,HHD-01,Household,48,0
2023-11-13,HHD-01,Household,50,0
2023-11-20,HHD-01,Household,28,0
2023-11-27,HHD-01,Household,29,0
2023-12-04,HHD-01,Household,25,0
2023-12-11,HHD-01,Household,28,0
2023-12-18,HHD-01,Household,19,0
2023-12-25,HHD-01,Household,20,0
2024-01-01,HHD-01,Household,19,0
2024-01-08,HHD-01,Household,45,0
2024-01-15,HHD-01,Household,20,0
2024-01-22,HHD-01,Household,98,1
2024-01-29,HHD-01,Household,26,0
2024-02-05,HHD-01,Household,56,0
2024-02-12,HHD-01,Household,35,1
2024-02-19,HHD-01,Household,20,0
2024-02-26,HHD-01,Household,48,0
2024-03-04,HHD-01,Household,49,0
2024-03-11,HHD-01,Household,24,0
2024-03-18,HHD-01,Household,28,0
2024-03-25,HHD-01,Household,23,0
2024-04-01,HHD-01,Household,29,0
2024-04-08,HHD-01,Household,31,0
2024-04-15,HHD-01,Household,26,0
2024-04-22,HHD-01,Household,16,0
2024-04-29,HHD-01,Household,24,0
2024-05-06,HHD-01,Household,35,0
2024-05-13,HHD-01,Household,26,0
2024-05-20,HHD-01,Household,25,0
2024-05-27,HHD-01,Household,21,0
2024-06-03,HHD-01,Household,23,0
2024-06-10,HHD-01,Household,42,0
2024-06-17,HHD-01,Household,19,0
2024-06-24,HHD-01,Household,34,0
2024-07-01,HHD-01,Household,27,0
2024-07-08,HHD-01,Household,29,0
2024-07-15,HHD-01,Household,21,0
2024-07-22,HHD-01,Household,23,0
2024-07-29,HHD-01,Household,26,0
2024-08-05,HHD-01,Household,22,0
2024-08-12,HHD-01,Household,28,0
2024-08-19,HHD-01,Household,29,0
2024-08-26,HHD-01,Household,48,0
2024-09-02,HHD-01,Household,27,0
2024-09-09,HHD-01,Household,13,0
2024-09-16,HHD-01,Household,35,0
2024-09-23,HHD-01,Household,23,0
2024-09-30,HHD-01,Household,45,0
2024-10-07,HHD-01,Household,39,0
2024-10-14,HHD-01,Household,21,0
2024-10-21,HHD-01,Household,32,0
2024-10-28,HHD-01,Household,21,0
2024-11-04,HHD-01,Household,26,0
2024-11-11,HHD-01,Household,33,0
2024-11-18,HHD-01,Household,39,0
2024-11-25,HHD-01,Household,37,0
2024-12-02,HHD-01,Household,29,0
2024-12-09,HHD-01,Household,64,0
2024-12-16,HHD-01,Household,27,0
2024-12-23,HHD-01,Household,19,0
2022-01-03,HHD-02,Household,248,0
2022-01-10,HHD-02,Household,304,0
2022-01-17,HHD-02,Household,266,0
2022-01-24,HHD-02,Household,225,0
2022-01-31,HHD-02,Household,201,0
2022-02-07,HHD-02,Household,226,0
2022-02-14,HHD-02,Household,251,0
2022-02-21,HHD-02,Household,263,0
2022-02-28,HHD-02,Household,173,0
2022-03-07,HHD-02,Household,246,0
2022-03-14,HHD-02,Household,257,0
2022-03-21,HHD-02,Household,281,0
2022-03-28,HHD-02,Household,341,0
2022-04-04,HHD-02,Household,260,0
2022-04-11,HHD-02,Household,211,0
2022-04-18,HHD-02,Household,177,0
2022-04-25,HHD-02,Household,277,0
2022-05-02,HHD-02,Household,206,0
2022-05-09,HHD-02,Household,281,0
2022-05-16,HHD-02,Household,307,0
2022-05-23,HHD-02,Household,177,0
2022-05-30,HHD-02,Household,431,1
2022-06-06,HHD-02,Household,295,0
2022-06-13,HHD-02,Household,279,0
2022-06-20,HHD-02,Household,157,0
2022-06-27,HHD-02,Household,196,0
2022-07-04,HHD-02,Household,181,0
2022-07-11,HHD-02,Household,251,0
2022-07-18,HHD-02,Household,245,0
2022-07-25,HHD-02,Household,138,0
2022-08-01,HHD-02,Household,214,0
2022-08-08,HHD-02,Household,260,0
2022-08-15,HHD-02,Household,323,1
2022-08-22,HHD-02,Household,229,0
2022-08-29,HHD-02,Household,207,0
2022-09-05,HHD-02,Household,181,0
2022-09-12,HHD-02,Household,218,0
2022-09-19,HHD-02,Household,289,1
2022-09-26,HHD-02,Household,242,0
2022-10-03,HHD-02,Household,245,0
2022-10-10,HHD-02,Household,218,0
2022-10-17,HHD-02,Household,263,0
2022-10-24,HHD-02,Household,201,0
2022-10-31,HHD-02,Household,166,0
2022-11-07,HHD-02,Household,238,0
2022-11-14,HHD-02,Household,225,0
2022-11-21,HHD-02,Household,244,0
2022-11-28,HHD-02,Household,179,0
2022-12-05,HHD-02,Household,319,0
2022-12-12,HHD-02,Household,446,1
2022-12-19,HHD-02,Household,226,0
2022-12-26,HHD-02,Household,205,0
2023-01-02,HHD-02,Household,302,0
2023-01-09,HHD-02,Household,206,0
2023-01-16,HHD-02,Household,389,0
2023-01-23,HHD-02,Household,324,1
2023-01-30,HHD-02,Household,363,0
2023-02-06,HHD-02,Household,259,0
2023-02-13,HHD-02,Household,361,0
2023-02-20,HHD-02,Household,238,0
2023-02-27,HHD-02,Household,274,0
2023-03-06,HHD-02,Household,317,0
2023-03-13,HHD-02,Household,309,0
2023-03-20,HHD-02,Household,334,0
2023-03-27,HHD-02,Household,248,0
2023-04-03,HHD-02,Household,273,0
2023-04-10,HHD-02,Household,336,0
2023-04-17,HHD-02,Household,304,1
2023-04-24,HHD-02,Household,291,0
2023-05-01,HHD-02,Household,249,0
2023-05-08,HHD-02,Household,267,0
2023-05-15,HHD-02,Household,259,0
2023-05-22,HHD-02,Household,219,0
2023-05-29,HHD-02,Household,239,0
2023-06-05,HHD-02,Household,256,0
2023-06-12,HHD-02,Household,243,0
2023-06-19,HHD-02,Household,329,0
2023-06-26,HHD-02,Household,296,0
2023-07-03,HHD-02,Household,258,0
2023-07-10,HHD-02,Household,212,0
2023-07-17,HHD-02,Household,209,0
2023-07-24,HHD-02,Household,348,0
2023-07-31,HHD-02,Household,201,0
2023-08-07,HHD-02,Household,246,0
2023-08-14,HHD-02,Household,256,0
2023-08-21,HHD-02,Household,225,0
2023-08-28,HHD-02,Household,197,0
2023-09-04,HHD-02,Household,204,0
2023-09-11,HHD-02,Household,212,0
2023-09-18,HHD-02,Household,204,0
2023-09-25,HHD-02,Household,296,0
2023-10-02,HHD-02,Household,230,0
2023-10-09,HHD-02,Household,209,0
2023-10-16,HHD-02,Household,235,0
2023-10-23,HHD-02,Household,260,0
2023-10-30,HHD-02,Household,217,0
2023-11-06,HHD-02,Household,275,0
2023-11-13,HHD-02,Household,186,0
2023-11-20,HHD-02,Household,295,0
2023-11-27,HHD-02,Household,241,0
2023-12-04,HHD-02,Household,243,0
2023-12-11,HHD-02,Household,220,0
2023-12-18,HHD-02,Household,203,0
2023-12-25,HHD-02,Household,191,0
2024-01-01,HHD-02,Household,230,0
2024-01-08,HHD-02,Household,300,0
2024-01-15,HHD-02,Household,230,0
2024-01-22,HHD-02,Household,210,0
2024-01-29,HHD-02,Household,239,0
2024-02-05,HHD-02,Household,267,0
2024-02-12,HHD-02,Household,271,0
2024-02-19,HHD-02,Household,284,0
2024-02-26,HHD-02,Household,353,0
2024-03-04,HHD-02,Household,535,1
2024-03-11,HHD-02,Household,423,0
2024-03-18,HHD-02,Household,217,0
2024-03-25,HHD-02,Household,248,0
2024-04-01,HHD-02,Household,328,0
2024-04-08,HHD-02,Household,263,0
2024-04-15,HHD-02,Household,332,0
2024-04-22,HHD-02,Household,292,0
2024-04-29,HHD-02,Household,597,1
2024-05-06,HHD-02,Household,334,0
2024-05-13,HHD-02,Household,332,0
2024-05-20,HHD-02,Household,251,0
2024-05-27,HHD-02,Household,264,0
2024-06-03,HHD-02,Household,252,0
2024-06-10,HHD-02,Household,201,0
2024-06-17,HHD-02,Household,346,0
2024-06-24,HHD-02,Household,302,0
2024-07-01,HHD-02,Household,246,0
2024-07-08,HHD-02,Household,332,0
2024-07-15,HHD-02,Household,232,0
2024-07-22,HHD-02,Household,185,0
2024-07-29,HHD-02,Household,311,0
2024-08-05,HHD-02,Household,204,0
2024-08-12,HHD-02,Household,248,0
2024-08-19,HHD-02,Household,265,0
2024-08-26,HHD-02,Household,273,0
2024-09-02,HHD-02,Household,295,0
2024-09-09,HHD-02,Household,279,0
2024-09-16,HHD-02,Household,276,0
2024-09-23,HHD-02,Household,215,0
2024-09-30,HHD-02,Household,261,0
2024-10-07,HHD-02,Household,187,0
2024-10-14,HHD-02,Household,328,0
2024-10-21,HHD-02,Household,190,0
2024-10-28,HHD-02,Household,232,0
2024-11-04,HHD-02,Household,195,0
2024-11-11,HHD-02,Household,219,0
2024-11-18,HHD-02,Household,254,0
2024-11-25,HHD-02,Household,233,0
2024-12-02,HHD-02,Household,322,0
2024-12-09,HHD-02,Household,277,0
2024-12-16,HHD-02,Household,249,0
2024-12-23,HHD-02,Household,270,0
2022-01-03,HHD-03,Household,64,0
2022-01-10,HHD-03,Household,77,0
2022-01-17,HHD-03,Household,52,0
2022-01-24,HHD-03,Household,51,0
2022-01-31,HHD-03,Household,157,0
2022-02-07,HHD-03,Household,116,1
2022-02-14,HHD-03,Household,64,0
2022-02-21,HHD-03,Household,71,0
2022-02-28,HHD-03,Household,345,0
2022-03-07,HHD-03,Household,75,0
2022-03-14,HHD-03,Household,40,0
2022-03-21,HHD-03,Household,11,0
2022-03-28,HHD-03,Household,17,0
2022-04-04,HHD-03,Household,42,0
2022-04-11,HHD-03,Household,58,0
2022-04-18,HHD-03,Household,38,0
2022-04-25,HHD-03,Household,88,0
2022-05-02,HHD-03,Household,37,0
2022-05-09,HHD-03,Household,27,0
2022-05-16,HHD-03,Household,108,0
2022-05-23,HHD-03,Household,214,0
2022-05-30,HHD-03,Household,21,0
2022-06-06,HHD-03,Household,74,0
2022-06-13,HHD-03,Household,10,0
2022-06-20,HHD-03,Household,15,0
2022-06-27,HHD-03,Household,33,0
2022-07-04,HHD-03,Household,162,0
2022-07-11,HHD-03,Household,27,0
2022-07-18,HHD-03,Household,26,0
2022-07-25,HHD-03,Household,58,0
2022-08-01,HHD-03,Household,58,0
2022-08-08,HHD-03,Household,27,0
2022-08-15,HHD-03,Household,346,0
2022-08-22,HHD-03,Household,43,0
2022-08-29,HHD-03,Household,61,0
2022-09-05,HHD-03,Household,37,0
2022-09-12,HHD-03,Household,133,1
2022-09-19,HHD-03,Household,167,0
2022-09-26,HHD-03,Household,247,0
2022-10-03,HHD-03,Household,26,0
2022-10-10,HHD-03,Household,144,0
2022-10-17,HHD-03,Household,86,0
2022-10-24,HHD-03,Household,127,0
2022-10-31,HHD-03,Household,47,0
2022-11-07,HHD-03,Household,69,1
2022-11-14,HHD-03,Household,122,0
2022-11-21,HHD-03,Household,125,0
2022-11-28,HHD-03,Household,221,0
2022-12-05,HHD-03,Household,63,0
2022-12-12,HHD-03,Household,48,0
2022-12-19,HHD-03,Household,6,0
2022-12-26,HHD-03,Household,13,0
2023-01-02,HHD-03,Household,40,0
2023-01-09,HHD-03,Household,21,0
2023-01-16,HHD-03,Household,127,0
2023-01-23,HHD-03,Household,18,0
2023-01-30,HHD-03,Household,40,0
2023-02-06,HHD-03,Household,42,0
2023-02-13,HHD-03,Household,200,0
2023-02-20,HHD-03,Household,38,0
2023-02-27,HHD-03,Household,103,0
2023-03-06,HHD-03,Household,82,0
2023-03-13,HHD-03,Household,159,0
2023-03-20,HHD-03,Household,152,0
2023-03-27,HHD-03,Household,67,0
2023-04-03,HHD-03,Household,14,0
2023-04-10,HHD-03,Household,56,0
2023-04-17,HHD-03,Household,118,1
2023-04-24,HHD-03,Household,89,0
2023-05-01,HHD-03,Household,34,0
2023-05-08,HHD-03,Household,191,0
2023-05-15,HHD-03,Household,67,0
2023-05-22,HHD-03,Household,28,0
2023-05-29,HHD-03,Household,42,0
2023-06-05,HHD-03,Household,377,0
2023-06-12,HHD-03,Household,116,0
2023-06-19,HHD-03,Household,164,0
2023-06-26,HHD-03,Household,23,0
2023-07-03,HHD-03,Household,32,0
2023-07-10,HHD-03,Household,32,0
2023-07-17,HHD-03,Household,72,0
2023-07-24,HHD-03,Household,51,0
2023-07-31,HHD-03,Household,38,0
2023-08-07,HHD-03,Household,43,0
2023-08-14,HHD-03,Household,28,0
2023-08-21,HHD-03,Household,50,0
2023-08-28,HHD-03,Household,164,0
2023-09-04,HHD-03,Household,14,0
2023-09-11,HHD-03,Household,80,0
2023-09-18,HHD-03,Household,206,0
2023-09-25,HHD-03,Household,48,0
2023-10-02,HHD-03,Household,35,0
2023-10-09,HHD-03,Household,132,0
2023-10-16,HHD-03,Household,22,0
2023-10-23,HHD-03,Household,54,0
2023-10-30,HHD-03,Household,21,0
2023-11-06,HHD-03,Household,10,0
2023-11-13,HHD-03,Household,48,0
2023-11-20,HHD-03,Household,17,0
2023-11-27,HHD-03,Household,55,0
2023-12-04,HHD-03,Household,158,0
2023-12-11,HHD-03,Household,318,0
2023-12-18,HHD-03,Household,64,0
2023-12-25,HHD-03,Household,210,1
2024-01-01,HHD-03,Household,88,0
2024-01-08,HHD-03,Household,44,0
2024-01-15,HHD-03,Household,11,0
2024-01-22,HHD-03,Household,295,0
2024-01-29,HHD-03,Household,25,0
2024-02-05,HHD-03,Household,247,0
2024-02-12,HHD-03,Household,115,0
2024-02-19,HHD-03,Household,29,0
2024-02-26,HHD-03,Household,97,0
2024-03-04,HHD-03,Household,528,0
2024-03-11,HHD-03,Household,307,0
2024-03-18,HHD-03,Household,46,0
2024-03-25,HHD-03,Household,39,0
2024-04-01,HHD-03,Household,82,0
2024-04-08,HHD-03,Household,64,0
2024-04-15,HHD-03,Household,224,0
2024-04-22,HHD-03,Household,145,0
2024-04-29,HHD-03,Household,15,0
2024-05-06,HHD-03,Household,110,0
2024-05-13,HHD-03,Household,60,0
2024-05-20,HHD-03,Household,72,0
2024-05-27,HHD-03,Household,87,0
2024-06-03,HHD-03,Household,207,0
2024-06-10,HHD-03,Household,167,0
2024-06-17,HHD-03,Household,33,0
2024-06-24,HHD-03,Household,63,0
2024-07-01,HHD-03,Household,43,0
2024-07-08,HHD-03,Household,14,0
2024-07-15,HHD-03,Household,59,0
2024-07-22,HHD-03,Household,355,0
2024-07-29,HHD-03,Household,13,0
2024-08-05,HHD-03,Household,63,0
2024-08-12,HHD-03,Household,60,0
2024-08-19,HHD-03,Household,83,0
2024-08-26,HHD-03,Household,26,0
2024-09-02,HHD-03,Household,17,0
2024-09-09,HHD-03,Household,20,1
2024-09-16,HHD-03,Household,212,0
2024-09-23,HHD-03,Household,25,0
2024-09-30,HHD-03,Household,38,0
2024-10-07,HHD-03,Household,422,0
2024-10-14,HHD-03,Household,30,0
2024-10-21,HHD-03,Household,82,0
2024-10-28,HHD-03,Household,158,0
2024-11-04,HHD-03,Household,151,0
2024-11-11,HHD-03,Household,17,0
2024-11-18,HHD-03,Household,31,0
2024-11-25,HHD-03,Household,79,0
2024-12-02,HHD-03,Household,360,0
2024-12-09,HHD-03,Household,30,0
2024-12-16,HHD-03,Household,40,0
2024-12-23,HHD-03,Household,94,0
2022-01-03,HHD-04,Household,191,0
2022-01-10,HHD-04,Household,133,0
2022-01-17,HHD-04,Household,397,0
2022-01-24,HHD-04,Household,79,0
2022-01-31,HHD-04,Household,1782,0
2022-02-07,HHD-04,Household,339,0
2022-02-14,HHD-04,Household,54,0
2022-02-21,HHD-04,Household,199,0
2022-02-28,HHD-04,Household,357,0
2022-03-07,HHD-04,Household,120,0
2022-03-14,HHD-04,Household,39,0
2022-03-21,HHD-04,Household,61,0
2022-03-28,HHD-04,Household,288,0
2022-04-04,HHD-04,Household,30,0
2022-04-11,HHD-04,Household,40,0
2022-04-18,HHD-04,Household,279,0
2022-04-25,HHD-04,Household,131,0
2022-05-02,HHD-04,Household,81,0
2022-05-09,HHD-04,Household,97,0
2022-05-16,HHD-04,Household,43,1
2022-05-23,HHD-04,Household,246,0
2022-05-30,HHD-04,Household,80,1
2022-06-06,HHD-04,Household,88,0
2022-06-13,HHD-04,Household,280,1
2022-06-20,HHD-04,Household,113,0
2022-06-27,HHD-04,Household,72,0
2022-07-04,HHD-04,Household,20,0
2022-07-11,HHD-04,Household,203,0
2022-07-18,HHD-04,Household,259,1
2022-07-25,HHD-04,Household,84,0
2022-08-01,HHD-04,Household,50,0
2022-08-08,HHD-04,Household,140,0
2022-08-15,HHD-04,Household,220,0
2022-08-22,HHD-04,Household,150,0
2022-08-29,HHD-04,Household,674,0
2022-09-05,HHD-04,Household,268,0
2022-09-12,HHD-04,Household,120,0
2022-09-19,HHD-04,Household,271,0
2022-09-26,HHD-04,Household,136,0
2022-10-03,HHD-04,Household,134,0
2022-10-10,HHD-04,Household,454,0
2022-10-17,HHD-04,Household,52,0
2022-10-24,HHD-04,Household,129,0
2022-10-31,HHD-04,Household,402,0
2022-11-07,HHD-04,Household,170,0
2022-11-14,HHD-04,Household,88,0
2022-11-21,HHD-04,Household,24,0
2022-11-28,HHD-04,Household,14,0
2022-12-05,HHD-04,Household,1000,0
2022-12-12,HHD-04,Household,180,0
2022-12-19,HHD-04,Household,77,0
2022-12-26,HHD-04,Household,197,0
2023-01-02,HHD-04,Household,57,0
2023-01-09,HHD-04,Household,107,0
2023-01-16,HHD-04,Household,60,0
2023-01-23,HHD-04,Household,39,0
2023-01-30,HHD-04,Household,20,0
2023-02-06,HHD-04,Household,34,0
2023-02-13,HHD-04,Household,450,0
2023-02-20,HHD-04,Household,64,0
2023-02-27,HHD-04,Household,287,0
2023-03-06,HHD-04,Household,438,0
2023-03-13,HHD-04,Household,175,0
2023-03-20,HHD-04,Household,129,0
2023-03-27,HHD-04,Household,196,0
2023-04-03,HHD-04,Household,114,0
2023-04-10,HHD-04,Household,552,0
2023-04-17,HHD-04,Household,1056,0
2023-04-24,HHD-04,Household,686,0
2023-05-01,HHD-04,Household,20,0
2023-05-08,HHD-04,Household,105,0
2023-05-15,HHD-04,Household,159,0
2023-05-22,HHD-04,Household,246,0
2023-05-29,HHD-04,Household,28,0
2023-06-05,HHD-04,Household,27,0
2023-06-12,HHD-04,Household,539,0
2023-06-19,HHD-04,Household,86,0
2023-06-26,HHD-04,Household,34,0
2023-07-03,HHD-04,Household,49,0
2023-07-10,HHD-04,Household,212,0
2023-07-17,HHD-04,Household,64,0
2023-07-24,HHD-04,Household,181,0
2023-07-31,HHD-04,Household,65,1
2023-08-07,HHD-04,Household,25,0
2023-08-14,HHD-04,Household,565,0
2023-08-21,HHD-04,Household,205,0
2023-08-28,HHD-04,Household,99,0
2023-09-04,HHD-04,Household,129,1
2023-09-11,HHD-04,Household,568,0
2023-09-18,HHD-04,Household,239,0
2023-09-25,HHD-04,Household,407,0
2023-10-02,HHD-04,Household,74,0
2023-10-09,HHD-04,Household,136,0
2023-10-16,HHD-04,Household,191,0
2023-10-23,HHD-04,Household,75,0
2023-10-30,HHD-04,Household,116,0
2023-11-06,HHD-04,Household,72,0
2023-11-13,HHD-04,Household,189,0
2023-11-20,HHD-04,Household,35,0
2023-11-27,HHD-04,Household,228,0
2023-12-04,HHD-04,Household,180,0
2023-12-11,HHD-04,Household,111,0
2023-12-18,HHD-04,Household,214,0
2023-12-25,HHD-04,Household,166,1
2024-01-01,HHD-04,Household,75,0
2024-01-08,HHD-04,Household,254,0
2024-01-15,HHD-04,Household,272,0
2024-01-22,HHD-04,Household,96,0
2024-01-29,HHD-04,Household,90,0
2024-02-05,HHD-04,Household,137,0
2024-02-12,HHD-04,Household,98,0
2024-02-19,HHD-04,Household,759,0
2024-02-26,HHD-04,Household,235,0
2024-03-04,HHD-04,Household,177,0
2024-03-11,HHD-04,Household,70,0
2024-03-18,HHD-04,Household,362,0
2024-03-25,HHD-04,Household,96,0
2024-04-01,HHD-04,Household,92,0
2024-04-08,HHD-04,Household,368,0
2024-04-15,HHD-04,Household,250,0
2024-04-22,HHD-04,Household,15,0
2024-04-29,HHD-04,Household,143,0
2024-05-06,HHD-04,Household,186,0
2024-05-13,HHD-04,Household,116,0
2024-05-20,HHD-04,Household,186,0
2024-05-27,HHD-04,Household,27,0
2024-06-03,HHD-04,Household,10,0
2024-06-10,HHD-04,Household,59,0
2024-06-17,HHD-04,Household,199,0
2024-06-24,HHD-04,Household,6,0
2024-07-01,HHD-04,Household,65,0
2024-07-08,HHD-04,Household,22,0
2024-07-15,HHD-04,Household,115,0
2024-07-22,HHD-04,Household,988,0
2024-07-29,HHD-04,Household,117,0
2024-08-05,HHD-04,Household,129,0
2024-08-12,HHD-04,Household,381,1
2024-08-19,HHD-04,Household,144,0
2024-08-26,HHD-04,Household,157,1
2024-09-02,HHD-04,Household,345,0
2024-09-09,HHD-04,Household,219,0
2024-09-16,HHD-04,Household,181,0
2024-09-23,HHD-04,Household,118,0
2024-09-30,HHD-04,Household,95,0
2024-10-07,HHD-04,Household,325,0
2024-10-14,HHD-04,Household,94,0
2024-10-21,HHD-04,Household,435,0
2024-10-28,HHD-04,Household,46,0
2024-11-04,HHD-04,Household,528,0
2024-11-11,HHD-04,Household,206,0
2024-11-18,HHD-04,Household,51,0
2024-11-25,HHD-04,Household,218,0
2024-12-02,HHD-04,Household,71,0
2024-12-09,HHD-04,Household,141,0
2024-12-16,HHD-04,Household,87,0
2024-12-23,HHD-04,Household,126,0
2022-01-03,HHD-05,Household,91,0
2022-01-10,HHD-05,Household,65,0
2022-01-17,HHD-05,Household,35,0
2022-01-24,HHD-05,Household,92,0
2022-01-31,HHD-05,Household,79,0
2022-02-07,HHD-05,Household,55,0
2022-02-14,HHD-05,Household,48,0
2022-02-21,HHD-05,Household,41,0
2022-02-28,HHD-05,Household,115,0
2022-03-07,HHD-05,Household,48,0
2022-03-14,HHD-05,Household,52,1
2022-03-21,HHD-05,Household,64,0
2022-03-28,HHD-05,Household,39,0
2022-04-04,HHD-05,Household,46,0
2022-04-11,HHD-05,Household,76,0
2022-04-18,HHD-05,Household,66,0
2022-04-25,HHD-05,Household,52,0
2022-05-02,HHD-05,Household,58,0
2022-05-09,HHD-05,Household,51,0
2022-05-16,HHD-05,Household,56,0
2022-05-23,HHD-05,Household,46,0
2022-05-30,HHD-05,Household,49,0
2022-06-06,HHD-05,Household,48,0
2022-06-13,HHD-05,Household,47,0
2022-06-20,HHD-05,Household,74,0
2022-06-27,HHD-05,Household,68,0
2022-07-04,HHD-05,Household,44,0
2022-07-11,HHD-05,Household,55,1
2022-07-18,HHD-05,Household,53,0
2022-07-25,HHD-05,Household,129,1
2022-08-01,HHD-05,Household,42,0
2022-08-08,HHD-05,Household,53,0
2022-08-15,HHD-05,Household,56,0
2022-08-22,HHD-05,Household,53,0
2022-08-29,HHD-05,Household,48,0
2022-09-05,HHD-05,Household,73,0
2022-09-12,HHD-05,Household,61,0
2022-09-19,HHD-05,Household,67,0
2022-09-26,HHD-05,Household,63,0
2022-10-03,HHD-05,Household,68,0
2022-10-10,HHD-05,Household,82,0
2022-10-17,HHD-05,Household,78,0
2022-10-24,HHD-05,Household,102,0
2022-10-31,HHD-05,Household,77,0
2022-11-07,HHD-05,Household,48,0
2022-11-14,HHD-05,Household,72,0
2022-11-21,HHD-05,Household,71,0
2022-11-28,HHD-05,Household,99,0
2022-12-05,HHD-05,Household,47,0
2022-12-12,HHD-05,Household,72,0
2022-12-19,HHD-05,Household,53,0
2022-12-26,HHD-05,Household,73,0
2023-01-02,HHD-05,Household,62,0
2023-01-09,HHD-05,Household,75,0
2023-01-16,HHD-05,Household,46,0
2023-01-23,HHD-05,Household,83,0
2023-01-30,HHD-05,Household,71,0
2023-02-06,HHD-05,Household,70,0
2023-02-13,HHD-05,Household,113,0
2023-02-20,HHD-05,Household,61,0
2023-02-27,HHD-05,Household,109,1
2023-03-06,HHD-05,Household,69,0
2023-03-13,HHD-05,Household,94,1
2023-03-20,HHD-05,Household,118,0
2023-03-27,HHD-05,Household,67,0
2023-04-03,HHD-05,Household,56,0
2023-04-10,HHD-05,Household,105,0
2023-04-17,HHD-05,Household,59,0
2023-04-24,HHD-05,Household,42,0
2023-05-01,HHD-05,Household,52,0
2023-05-08,HHD-05,Household,45,0
2023-05-15,HHD-05,Household,39,0
2023-05-22,HHD-05,Household,57,0
2023-05-29,HHD-05,Household,61,0
2023-06-05,HHD-05,Household,84,0
2023-06-12,HHD-05,Household,73,0
2023-06-19,HHD-05,Household,72,0
2023-06-26,HHD-05,Household,49,0
2023-07-03,HHD-05,Household,78,0
2023-07-10,HHD-05,Household,88,0
2023-07-17,HHD-05,Household,68,0
2023-07-24,HHD-05,Household,68,0
2023-07-31,HHD-05,Household,44,0
2023-08-07,HHD-05,Household,80,0
2023-08-14,HHD-05,Household,96,0
2023-08-21,HHD-05,Household,65,0
2023-08-28,HHD-05,Household,51,0
2023-09-04,HHD-05,Household,57,0
2023-09-11,HHD-05,Household,53,0
2023-09-18,HHD-05,Household,54,0
2023-09-25,HHD-05,Household,70,0
2023-10-02,HHD-05,Household,64,0
2023-10-09,HHD-05,Household,78,0
2023-10-16,HHD-05,Household,66,0
2023-10-23,HHD-05,Household,49,0
2023-10-30,HHD-05,Household,68,1
2023-11-06,HHD-05,Household,54,0
2023-11-13,HHD-05,Household,60,0
2023-11-20,HHD-05,Household,103,0
2023-11-27,HHD-05,Household,110,0
2023-12-04,HHD-05,Household,83,0
2023-12-11,HHD-05,Household,70,0
2023-12-18,HHD-05,Household,49,0
2023-12-25,HHD-05,Household,75,0
2024-01-01,HHD-05,Household,58,0
2024-01-08,HHD-05,Household,111,0
2024-01-15,HHD-05,Household,65,1
2024-01-22,HHD-05,Household,82,0
2024-01-29,HHD-05,Household,59,0
2024-02-05,HHD-05,Household,74,0
2024-02-12,HHD-05,Household,89,0
2024-02-19,HHD-05,Household,97,0
2024-02-26,HHD-05,Household,73,0
2024-03-04,HHD-05,Household,90,0
2024-03-11,HHD-05,Household,62,0
2024-03-18,HHD-05,Household,78,0
2024-03-25,HHD-05,Household,94,0
2024-04-01,HHD-05,Household,78,0
2024-04-08,HHD-05,Household,62,0
2024-04-15,HHD-05,Household,66,0
2024-04-22,HHD-05,Household,92,0
2024-04-29,HHD-05,Household,52,0
2024-05-06,HHD-05,Household,54,0
2024-05-13,HHD-05,Household,100,1
2024-05-20,HHD-05,Household,61,0
2024-05-27,HHD-05,Household,47,0
2024-06-03,HHD-05,Household,97,0
2024-06-10,HHD-05,Household,51,0
2024-06-17,HHD-05,Household,102,1
2024-06-24,HHD-05,Household,58,0
2024-07-01,HHD-05,Household,63,0
2024-07-08,HHD-05,Household,54,0
2024-07-15,HHD-05,Household,81,0
2024-07-22,HHD-05,Household,69,0
2024-07-29,HHD-05,Household,104,1
2024-08-05,HHD-05,Household,57,0
2024-08-12,HHD-05,Household,116,0
2024-08-19,HHD-05,Household,40,0
2024-08-26,HHD-05,Household,43,0
2024-09-02,HHD-05,Household,103,0
2024-09-09,HHD-05,Household,74,0
2024-09-16,HHD-05,Household,71,0
2024-09-23,HHD-05,Household,101,1
2024-09-30,HHD-05,Household,76,0
2024-10-07,HHD-05,Household,71,0
2024-10-14,HHD-05,Household,51,0
2024-10-21,HHD-05,Household,83,0
2024-10-28,HHD-05,Household,80,0
2024-11-04,HHD-05,Household,100,0
2024-11-11,HHD-05,Household,110,0
2024-11-18,HHD-05,Household,77,0
2024-11-25,HHD-05,Household,52,0
2024-12-02,HHD-05,Household,117,0
2024-12-09,HHD-05,Household,57,0
2024-12-16,HHD-05,Household,83,0
2024-12-23,HHD-05,Household,72,0
2022-01-03,HHD-06,Household,42,0
2022-01-10,HHD-06,Household,57,0
2022-01-17,HHD-06,Household,47,0
2022-01-24,HHD-06,Household,62,0
2022-01-31,HHD-06,Household,40,0
2022-02-07,HHD-06,Household,82,1
2022-02-14,HHD-06,Household,46,0
2022-02-21,HHD-06,Household,41,0
2022-02-28,HHD-06,Household,52,0
2022-03-07,HHD-06,Household,77,0
2022-03-14,HHD-06,Household,45,0
2022-03-21,HHD-06,Household,52,0
2022-03-28,HHD-06,Household,41,0
2022-04-04,HHD-06,Household,39,0
2022-04-11,HHD-06,Household,45,0
2022-04-18,HHD-06,Household,48,0
2022-04-25,HHD-06,Household,48,0
2022-05-02,HHD-06,Household,50,0
2022-05-09,HHD-06,Household,37,0
2022-05-16,HHD-06,Household,45,0
2022-05-23,HHD-06,Household,56,0
2022-05-30,HHD-06,Household,38,0
2022-06-06,HHD-06,Household,46,0
2022-06-13,HHD-06,Household,52,0
2022-06-20,HHD-06,Household,42,0
2022-06-27,HHD-06,Household,52,0
2022-07-04,HHD-06,Household,35,0
2022-07-11,HHD-06,Household,58,0
2022-07-18,HHD-06,Household,52,0
2022-07-25,HHD-06,Household,48,0
2022-08-01,HHD-06,Household,60,0
2022-08-08,HHD-06,Household,44,0
2022-08-15,HHD-06,Household,42,0
2022-08-22,HHD-06,Household,63,0
2022-08-29,HHD-06,Household,69,0
2022-09-05,HHD-06,Household,40,0
2022-09-12,HHD-06,Household,45,0
2022-09-19,HHD-06,Household,57,0
2022-09-26,HHD-06,Household,45,0
2022-10-03,HHD-06,Household,52,0
2022-10-10,HHD-06,Household,53,0
2022-10-17,HHD-06,Household,40,0
2022-10-24,HHD-06,Household,49,0
2022-10-31,HHD-06,Household,45,0
2022-11-07,HHD-06,Household,35,0
2022-11-14,HHD-06,Household,37,0
2022-11-21,HHD-06,Household,39,0
2022-11-28,HHD-06,Household,55,0
2022-12-05,HHD-06,Household,56,0
2022-12-12,HHD-06,Household,54,0
2022-12-19,HHD-06,Household,52,0
2022-12-26,HHD-06,Household,85,1
2023-01-02,HHD-06,Household,51,0
2023-01-09,HHD-06,Household,54,0
2023-01-16,HHD-06,Household,56,0
2023-01-23,HHD-06,Household,38,0
2023-01-30,HHD-06,Household,44,0
2023-02-06,HHD-06,Household,43,0
2023-02-13,HHD-06,Household,67,0
2023-02-20,HHD-06,Household,76,0
2023-02-27,HHD-06,Household,35,0
2023-03-06,HHD-06,Household,76,0
2023-03-13,HHD-06,Household,56,0
2023-03-20,HHD-06,Household,68,0
2023-03-27,HHD-06,Household,62,0
2023-04-03,HHD-06,Household,75,0
2023-04-10,HHD-06,Household,57,0
2023-04-17,HHD-06,Household,41,0
2023-04-24,HHD-06,Household,53,0
2023-05-01,HHD-06,Household,60,0
2023-05-08,HHD-06,Household,51,0
2023-05-15,HHD-06,Household,61,0
2023-05-22,HHD-06,Household,78,1
2023-05-29,HHD-06,Household,46,0
2023-06-05,HHD-06,Household,41,0
2023-06-12,HHD-06,Household,47,0
2023-06-19,HHD-06,Household,53,0
2023-06-26,HHD-06,Household,33,0
2023-07-03,HHD-06,Household,42,0
2023-07-10,HHD-06,Household,33,0
2023-07-17,HHD-06,Household,44,0
2023-07-24,HHD-06,Household,63,0
2023-07-31,HHD-06,Household,38,0
2023-08-07,HHD-06,Household,73,1
2023-08-14,HHD-06,Household,89,0
2023-08-21,HHD-06,Household,66,0
2023-08-28,HHD-06,Household,50,0
2023-09-04,HHD-06,Household,58,0
2023-09-11,HHD-06,Household,36,0
2023-09-18,HHD-06,Household,34,0
2023-09-25,HHD-06,Household,48,0
2023-10-02,HHD-06,Household,80,1
2023-10-09,HHD-06,Household,59,0
2023-10-16,HHD-06,Household,41,0
2023-10-23,HHD-06,Household,48,0
2023-10-30,HHD-06,Household,48,0
2023-11-06,HHD-06,Household,45,0
2023-11-13,HHD-06,Household,46,0
2023-11-20,HHD-06,Household,39,0
2023-11-27,HHD-06,Household,50,0
2023-12-04,HHD-06,Household,49,0
2023-12-11,HHD-06,Household,44,0
2023-12-18,HHD-06,Household,56,0
2023-12-25,HHD-06,Household,61,0
2024-01-01,HHD-06,Household,58,0
2024-01-08,HHD-06,Household,64,1
2024-01-15,HHD-06,Household,53,0
2024-01-22,HHD-06,Household,44,0
2024-01-29,HHD-06,Household,55,0
2024-02-05,HHD-06,Household,73,1
2024-02-12,HHD-06,Household,104,1
2024-02-19,HHD-06,Household,66,0
2024-02-26,HHD-06,Household,72,0
2024-03-04,HHD-06,Household,71,0
2024-03-11,HHD-06,Household,54,0
2024-03-18,HHD-06,Household,52,0
2024-03-25,HHD-06,Household,82,0
2024-04-01,HHD-06,Household,72,1
2024-04-08,HHD-06,Household,43,0
2024-04-15,HHD-06,Household,70,0
2024-04-22,HHD-06,Household,58,0
2024-04-29,HHD-06,Household,76,0
2024-05-06,HHD-06,Household,58,0
2024-05-13,HHD-06,Household,54,0
2024-05-20,HHD-06,Household,74,0
2024-05-27,HHD-06,Household,39,0
2024-06-03,HHD-06,Household,47,0
2024-06-10,HHD-06,Household,69,1
2024-06-17,HHD-06,Household,33,0
2024-06-24,HHD-06,Household,62,0
2024-07-01,HHD-06,Household,46,0
2024-07-08,HHD-06,Household,62,0
2024-07-15,HHD-06,Household,56,0
2024-07-22,HHD-06,Household,58,0
2024-07-29,HHD-06,Household,46,0
2024-08-05,HHD-06,Household,43,0
2024-08-12,HHD-06,Household,51,0
2024-08-19,HHD-06,Household,61,0
2024-08-26,HHD-06,Household,58,1
2024-09-02,HHD-06,Household,43,0
2024-09-09,HHD-06,Household,39,0
2024-09-16,HHD-06,Household,51,0
2024-09-23,HHD-06,Household,44,0
2024-09-30,HHD-06,Household,48,0
2024-10-07,HHD-06,Household,46,0
2024-10-14,HHD-06,Household,44,0
2024-10-21,HHD-06,Household,51,0
2024-10-28,HHD-06,Household,54,0
2024-11-04,HHD-06,Household,72,0
2024-11-11,HHD-06,Household,56,0
2024-11-18,HHD-06,Household,67,0
2024-11-25,HHD-06,Household,41,0
2024-12-02,HHD-06,Household,35,0
2024-12-09,HHD-06,Household,49,0
2024-12-16,HHD-06,Household,70,1
2024-12-23,HHD-06,Household,59,0
2022-01-03,HHD-07,Household,178,0
2022-01-10,HHD-07,Household,393,0
2022-01-17,HHD-07,Household,209,0
2022-01-24,HHD-07,Household,189,0
2022-01-31,HHD-07,Household,582,1
2022-02-07,HHD-07,Household,955,0
2022-02-14,HHD-07,Household,138,0
2022-02-21,HHD-07,Household,955,0
2022-02-28,HHD-07,Household,234,0
2022-03-07,HHD-07,Household,444,0
2022-03-14,HHD-07,Household,1050,0
2022-03-21,HHD-07,Household,444,0
2022-03-28,HHD-07,Household,290,0
2022-04-04,HHD-07,Household,580,0
2022-04-11,HHD-07,Household,314,0
2022-04-18,HHD-07,Household,502,0
2022-04-25,HHD-07,Household,507,1
2022-05-02,HHD-07,Household,622,0
2022-05-09,HHD-07,Household,132,0
2022-05-16,HHD-07,Household,169,0
2022-05-23,HHD-07,Household,127,0
2022-05-30,HHD-07,Household,318,0
2022-06-06,HHD-07,Household,115,0
2022-06-13,HHD-07,Household,202,0
2022-06-20,HHD-07,Household,150,0
2022-06-27,HHD-07,Household,876,0
2022-07-04,HHD-07,Household,161,0
2022-07-11,HHD-07,Household,130,0
2022-07-18,HHD-07,Household,371,0
2022-07-25,HHD-07,Household,990,0
2022-08-01,HHD-07,Household,287,0
2022-08-08,HHD-07,Household,302,0
2022-08-15,HHD-07,Household,747,0
2022-08-22,HHD-07,Household,561,0
2022-08-29,HHD-07,Household,409,0
2022-09-05,HHD-07,Household,204,0
2022-09-12,HHD-07,Household,413,0
2022-09-19,HHD-07,Household,118,0
2022-09-26,HHD-07,Household,195,0
2022-10-03,HHD-07,Household,789,0
2022-10-10,HHD-07,Household,717,0
2022-10-17,HHD-07,Household,394,0
2022-10-24,HHD-07,Household,78,0
2022-10-31,HHD-07,Household,127,0
2022-11-07,HHD-07,Household,182,0
2022-11-14,HHD-07,Household,258,0
2022-11-21,HHD-07,Household,124,0
2022-11-28,HHD-07,Household,249,0
2022-12-05,HHD-07,Household,998,0
2022-12-12,HHD-07,Household,398,0
2022-12-19,HHD-07,Household,357,0
2022-12-26,HHD-07,Household,156,0
2023-01-02,HHD-07,Household,146,1
2023-01-09,HHD-07,Household,142,0
2023-01-16,HHD-07,Household,106,0
2023-01-23,HHD-07,Household,362,0
2023-01-30,HHD-07,Household,457,0
2023-02-06,HHD-07,Household,185,0
2023-02-13,HHD-07,Household,405,0
2023-02-20,HHD-07,Household,1016,0
2023-02-27,HHD-07,Household,1440,0
2023-03-06,HHD-07,Household,646,0
2023-03-13,HHD-07,Household,341,0
2023-03-20,HHD-07,Household,640,0
2023-03-27,HHD-07,Household,976,0
2023-04-03,HHD-07,Household,98,0
2023-04-10,HHD-07,Household,1063,0
2023-04-17,HHD-07,Household,264,0
2023-04-24,HHD-07,Household,264,0
2023-05-01,HHD-07,Household,295,0
2023-05-08,HHD-07,Household,464,0
2023-05-15,HHD-07,Household,172,0
2023-05-22,HHD-07,Household,300,0
2023-05-29,HHD-07,Household,516,0
2023-06-05,HHD-07,Household,414,0
2023-06-12,HHD-07,Household,458,0
2023-06-19,HHD-07,Household,280,0
2023-06-26,HHD-07,Household,558,0
2023-07-03,HHD-07,Household,710,0
2023-07-10,HHD-07,Household,678,0
2023-07-17,HHD-07,Household,457,0
2023-07-24,HHD-07,Household,646,0
2023-07-31,HHD-07,Household,615,0
2023-08-07,HHD-07,Household,2108,0
2023-08-14,HHD-07,Household,774,0
2023-08-21,HHD-07,Household,315,0
2023-08-28,HHD-07,Household,179,0
2023-09-04,HHD-07,Household,277,0
2023-09-11,HHD-07,Household,263,0
2023-09-18,HHD-07,Household,465,0
2023-09-25,HHD-07,Household,201,0
2023-10-02,HHD-07,Household,730,0
2023-10-09,HHD-07,Household,124,0
2023-10-16,HHD-07,Household,104,0
2023-10-23,HHD-07,Household,289,0
2023-10-30,HHD-07,Household,178,0
2023-11-06,HHD-07,Household,133,0
2023-11-13,HHD-07,Household,204,0
2023-11-20,HHD-07,Household,189,0
2023-11-27,HHD-07,Household,322,0
2023-12-04,HHD-07,Household,212,0
2023-12-11,HHD-07,Household,227,0
2023-12-18,HHD-07,Household,333,0
2023-12-25,HHD-07,Household,681,0
2024-01-01,HHD-07,Household,952,0
2024-01-08,HHD-07,Household,556,1
2024-01-15,HHD-07,Household,740,1
2024-01-22,HHD-07,Household,329,0
2024-01-29,HHD-07,Household,530,0
2024-02-05,HHD-07,Household,508,0
2024-02-12,HHD-07,Household,983,0
2024-02-19,HHD-07,Household,111,0
2024-02-26,HHD-07,Household,349,0
2024-03-04,HHD-07,Household,523,0
2024-03-11,HHD-07,Household,411,0
2024-03-18,HHD-07,Household,221,0
2024-03-25,HHD-07,Household,173,0
2024-04-01,HHD-07,Household,731,0
2024-04-08,HHD-07,Household,250,0
2024-04-15,HHD-07,Household,126,0
2024-04-22,HHD-07,Household,745,0
2024-04-29,HHD-07,Household,562,0
2024-05-06,HHD-07,Household,376,0
2024-05-13,HHD-07,Household,249,1
2024-05-20,HHD-07,Household,368,0
2024-05-27,HHD-07,Household,903,0
2024-06-03,HHD-07,Household,129,0
2024-06-10,HHD-07,Household,132,0
2024-06-17,HHD-07,Household,248,0
2024-06-24,HHD-07,Household,609,1
2024-07-01,HHD-07,Household,268,0
2024-07-08,HHD-07,Household,580,0
2024-07-15,HHD-07,Household,784,0
2024-07-22,HHD-07,Household,448,0
2024-07-29,HHD-07,Household,542,0
2024-08-05,HHD-07,Household,443,0
2024-08-12,HHD-07,Household,369,0
2024-08-19,HHD-07,Household,151,0
2024-08-26,HHD-07,Household,180,0
2024-09-02,HHD-07,Household,143,0
2024-09-09,HHD-07,Household,325,0
2024-09-16,HHD-07,Household,419,0
2024-09-23,HHD-07,Household,132,0
2024-09-30,HHD-07,Household,370,0
2024-10-07,HHD-07,Household,192,0
2024-10-14,HHD-07,Household,167,0
2024-10-21,HHD-07,Household,225,0
2024-10-28,HHD-07,Household,160,0
2024-11-04,HHD-07,Household,521,0
2024-11-11,HHD-07,Household,307,0
2024-11-18,HHD-07,Household,1048,1
2024-11-25,HHD-07,Household,257,0
2024-12-02,HHD-07,Household,266,0
2024-12-09,HHD-07,Household,1284,0
2024-12-16,HHD-07,Household,119,0
2024-12-23,HHD-07,Household,889,0
2022-01-03,HHD-08,Household,26,0
2022-01-10,HHD-08,Household,128,0
2022-01-17,HHD-08,Household,27,0
2022-01-24,HHD-08,Household,25,0
2022-01-31,HHD-08,Household,43,0
2022-02-07,HHD-08,Household,32,0
2022-02-14,HHD-08,Household,49,0
2022-02-21,HHD-08,Household,54,0
2022-02-28,HHD-08,Household,57,0
2022-03-07,HHD-08,Household,47,0
2022-03-14,HHD-08,Household,35,0
2022-03-21,HHD-08,Household,72,0
2022-03-28,HHD-08,Household,48,0
2022-04-04,HHD-08,Household,39,0
2022-04-11,HHD-08,Household,112,0
2022-04-18,HHD-08,Household,48,0
2022-04-25,HHD-08,Household,90,0
2022-05-02,HHD-08,Household,96,0
2022-05-09,HHD-08,Household,99,0
2022-05-16,HHD-08,Household,71,0
2022-05-23,HHD-08,Household,79,1
2022-05-30,HHD-08,Household,47,0
2022-06-06,HHD-08,Household,42,0
2022-06-13,HHD-08,Household,15,0
2022-06-20,HHD-08,Household,70,0
2022-06-27,HHD-08,Household,54,0
2022-07-04,HHD-08,Household,73,0
2022-07-11,HHD-08,Household,44,0
2022-07-18,HHD-08,Household,67,0
2022-07-25,HHD-08,Household,22,0
2022-08-01,HHD-08,Household,25,0
2022-08-08,HHD-08,Household,12,0
2022-08-15,HHD-08,Household,43,0
2022-08-22,HHD-08,Household,31,0
2022-08-29,HHD-08,Household,29,0
2022-09-05,HHD-08,Household,55,0
2022-09-12,HHD-08,Household,37,0
2022-09-19,HHD-08,Household,21,0
2022-09-26,HHD-08,Household,177,0
2022-10-03,HHD-08,Household,45,0
2022-10-10,HHD-08,Household,25,0
2022-10-17,HHD-08,Household,32,0
2022-10-24,HHD-08,Household,41,0
2022-10-31,HHD-08,Household,41,0
2022-11-07,HHD-08,Household,90,0
2022-11-14,HHD-08,Household,43,0
2022-11-21,HHD-08,Household,122,0
2022-11-28,HHD-08,Household,36,0
2022-12-05,HHD-08,Household,77,1
2022-12-12,HHD-08,Household,80,0
2022-12-19,HHD-08,Household,89,0
2022-12-26,HHD-08,Household,97,0
2023-01-02,HHD-08,Household,42,0
2023-01-09,HHD-08,Household,50,0
2023-01-16,HHD-08,Household,14,0
2023-01-23,HHD-08,Household,47,0
2023-01-30,HHD-08,Household,94,0
2023-02-06,HHD-08,Household,86,0
2023-02-13,HHD-08,Household,52,0
2023-02-20,HHD-08,Household,136,0
2023-02-27,HHD-08,Household,45,0
2023-03-06,HHD-08,Household,38,0
2023-03-13,HHD-08,Household,44,0
2023-03-20,HHD-08,Household,31,0
2023-03-27,HHD-08,Household,80,0
2023-04-03,HHD-08,Household,67,0
2023-04-10,HHD-08,Household,79,0
2023-04-17,HHD-08,Household,45,0
2023-04-24,HHD-08,Household,55,0
2023-05-01,HHD-08,Household,18,0
2023-05-08,HHD-08,Household,68,0
2023-05-15,HHD-08,Household,58,0
2023-05-22,HHD-08,Household,30,0
2023-05-29,HHD-08,Household,51,0
2023-06-05,HHD-08,Household,47,0
2023-06-12,HHD-08,Household,137,0
2023-06-19,HHD-08,Household,30,0
2023-06-26,HHD-08,Household,63,0
2023-07-03,HHD-08,Household,30,0
2023-07-10,HHD-08,Household,39,0
2023-07-17,HHD-08,Household,61,0
2023-07-24,HHD-08,Household,47,0
2023-07-31,HHD-08,Household,52,0
2023-08-07,HHD-08,Household,62,0
2023-08-14,HHD-08,Household,40,0
2023-08-21,HHD-08,Household,83,0
2023-08-28,HHD-08,Household,72,1
2023-09-04,HHD-08,Household,49,0
2023-09-11,HHD-08,Household,62,0
2023-09-18,HHD-08,Household,58,0
2023-09-25,HHD-08,Household,72,0
2023-10-02,HHD-08,Household,60,0
2023-10-09,HHD-08,Household,65,0
2023-10-16,HHD-08,Household,42,0
2023-10-23,HHD-08,Household,28,0
2023-10-30,HHD-08,Household,23,0
2023-11-06,HHD-08,Household,21,0
2023-11-13,HHD-08,Household,129,0
2023-11-20,HHD-08,Household,16,0
2023-11-27,HHD-08,Household,96,0
2023-12-04,HHD-08,Household,33,0
2023-12-11,HHD-08,Household,98,0
2023-12-18,HHD-08,Household,16,0
2023-12-25,HHD-08,Household,47,0
2024-01-01,HHD-08,Household,118,0
2024-01-08,HHD-08,Household,81,0
2024-01-15,HHD-08,Household,47,0
2024-01-22,HHD-08,Household,20,0
2024-01-29,HHD-08,Household,29,0
2024-02-05,HHD-08,Household,125,0
2024-02-12,HHD-08,Household,50,0
2024-02-19,HHD-08,Household,59,0
2024-02-26,HHD-08,Household,72,0
2024-03-04,HHD-08,Household,31,0
2024-03-11,HHD-08,Household,79,0
2024-03-18,HHD-08,Household,51,0
2024-03-25,HHD-08,Household,93,1
2024-04-01,HHD-08,Household,47,0
2024-04-08,HHD-08,Household,28,0
2024-04-15,HHD-08,Household,51,0
2024-04-22,HHD-08,Household,89,0
2024-04-29,HHD-08,Household,77,0
2024-05-06,HHD-08,Household,63,0
2024-05-13,HHD-08,Household,100,0
2024-05-20,HHD-08,Household,55,0
2024-05-27,HHD-08,Household,63,0
2024-06-03,HHD-08,Household,66,1
2024-06-10,HHD-08,Household,100,0
2024-06-17,HHD-08,Household,70,0
2024-06-24,HHD-08,Household,44,0
2024-07-01,HHD-08,Household,27,0
2024-07-08,HHD-08,Household,106,0
2024-07-15,HHD-08,Household,39,0
2024-07-22,HHD-08,Household,94,1
2024-07-29,HHD-08,Household,205,0
2024-08-05,HHD-08,Household,90,0
2024-08-12,HHD-08,Household,236,1
2024-08-19,HHD-08,Household,44,0
2024-08-26,HHD-08,Household,103,0
2024-09-02,HHD-08,Household,97,1
2024-09-09,HHD-08,Household,70,0
2024-09-16,HHD-08,Household,169,0
2024-09-23,HHD-08,Household,76,1
2024-09-30,HHD-08,Household,57,0
2024-10-07,HHD-08,Household,35,0
2024-10-14,HHD-08,Household,91,0
2024-10-21,HHD-08,Household,42,0
2024-10-28,HHD-08,Household,97,0
2024-11-04,HHD-08,Household,23,0
2024-11-11,HHD-08,Household,75,0
2024-11-18,HHD-08,Household,40,0
2024-11-25,HHD-08,Household,84,0
2024-12-02,HHD-08,Household,57,0
2024-12-09,HHD-08,Household,44,0
2024-12-16,HHD-08,Household,48,0
2024-12-23,HHD-08,Household,38,0
2022-01-03,HHD-09,Household,110,0
2022-01-10,HHD-09,Household,57,0
2022-01-17,HHD-09,Household,276,0
2022-01-24,HHD-09,Household,81,0
2022-01-31,HHD-09,Household,96,0
2022-02-07,HHD-09,Household,116,0
2022-02-14,HHD-09,Household,106,0
2022-02-21,HHD-09,Household,203,0
2022-02-28,HHD-09,Household,66,0
2022-03-07,HHD-09,Household,140,0
2022-03-14,HHD-09,Household,101,0
2022-03-21,HHD-09,Household,156,0
2022-03-28,HHD-09,Household,82,0
2022-04-04,HHD-09,Household,76,0
2022-04-11,HHD-09,Household,135,0
2022-04-18,HHD-09,Household,109,0
2022-04-25,HHD-09,Household,57,0
2022-05-02,HHD-09,Household,181,0
2022-05-09,HHD-09,Household,128,0
2022-05-16,HHD-09,Household,82,0
2022-05-23,HHD-09,Household,65,0
2022-05-30,HHD-09,Household,101,0
2022-06-06,HHD-09,Household,116,0
2022-06-13,HHD-09,Household,34,0
2022-06-20,HHD-09,Household,98,0
2022-06-27,HHD-09,Household,112,0
2022-07-04,HHD-09,Household,22,0
2022-07-11,HHD-09,Household,87,0
2022-07-18,HHD-09,Household,112,0
2022-07-25,HHD-09,Household,105,0
2022-08-01,HHD-09,Household,118,0
2022-08-08,HHD-09,Household,64,0
2022-08-15,HHD-09,Household,43,0
2022-08-22,HHD-09,Household,29,0
2022-08-29,HHD-09,Household,134,0
2022-09-05,HHD-09,Household,108,0
2022-09-12,HHD-09,Household,137,0
2022-09-19,HHD-09,Household,49,0
2022-09-26,HHD-09,Household,111,0
2022-10-03,HHD-09,Household,32,0
2022-10-10,HHD-09,Household,44,0
2022-10-17,HHD-09,Household,75,0
2022-10-24,HHD-09,Household,99,0
2022-10-31,HHD-09,Household,171,0
2022-11-07,HHD-09,Household,61,0
2022-11-14,HHD-09,Household,44,0
2022-11-21,HHD-09,Household,57,1
2022-11-28,HHD-09,Household,49,0
2022-12-05,HHD-09,Household,239,0
2022-12-12,HHD-09,Household,111,0
2022-12-19,HHD-09,Household,138,0
2022-12-26,HHD-09,Household,69,0
2023-01-02,HHD-09,Household,80,0
2023-01-09,HHD-09,Household,120,0
2023-01-16,HHD-09,Household,111,1
2023-01-23,HHD-09,Household,75,0
2023-01-30,HHD-09,Household,62,0
2023-02-06,HHD-09,Household,72,0
2023-02-13,HHD-09,Household,96,0
2023-02-20,HHD-09,Household,61,0
2023-02-27,HHD-09,Household,112,0
2023-03-06,HHD-09,Household,143,1
2023-03-13,HHD-09,Household,89,0
2023-03-20,HHD-09,Household,63,0
2023-03-27,HHD-09,Household,104,0
2023-04-03,HHD-09,Household,74,0
2023-04-10,HHD-09,Household,99,0
2023-04-17,HHD-09,Household,173,0
2023-04-24,HHD-09,Household,48,0
2023-05-01,HHD-09,Household,301,0
2023-05-08,HHD-09,Household,89,0
2023-05-15,HHD-09,Household,113,0
2023-05-22,HHD-09,Household,60,0
2023-05-29,HHD-09,Household,195,1
2023-06-05,HHD-09,Household,81,0
2023-06-12,HHD-09,Household,70,0
2023-06-19,HHD-09,Household,62,0
2023-06-26,HHD-09,Household,73,0
2023-07-03,HHD-09,Household,105,0
2023-07-10,HHD-09,Household,91,0
2023-07-17,HHD-09,Household,81,0
2023-07-24,HHD-09,Household,56,0
2023-07-31,HHD-09,Household,54,0
2023-08-07,HHD-09,Household,63,0
2023-08-14,HHD-09,Household,103,0
2023-08-21,HHD-09,Household,114,0
2023-08-28,HHD-09,Household,122,0
2023-09-04,HHD-09,Household,79,0
2023-09-11,HHD-09,Household,117,1
2023-09-18,HHD-09,Household,71,0
2023-09-25,HHD-09,Household,30,0
2023-10-02,HHD-09,Household,67,0
2023-10-09,HHD-09,Household,61,0
2023-10-16,HHD-09,Household,67,1
2023-10-23,HHD-09,Household,55,0
2023-10-30,HHD-09,Household,79,0
2023-11-06,HHD-09,Household,40,0
2023-11-13,HHD-09,Household,51,0
2023-11-20,HHD-09,Household,171,0
2023-11-27,HHD-09,Household,51,1
2023-12-04,HHD-09,Household,116,1
2023-12-11,HHD-09,Household,42,0
2023-12-18,HHD-09,Household,54,0
2023-12-25,HHD-09,Household,99,1
2024-01-01,HHD-09,Household,50,0
2024-01-08,HHD-09,Household,119,0
2024-01-15,HHD-09,Household,185,0
2024-01-22,HHD-09,Household,145,0
2024-01-29,HHD-09,Household,164,0
2024-02-05,HHD-09,Household,80,1
2024-02-12,HHD-09,Household,87,0
2024-02-19,HHD-09,Household,130,0
2024-02-26,HHD-09,Household,163,0
2024-03-04,HHD-09,Household,265,0
2024-03-11,HHD-09,Household,185,0
2024-03-18,HHD-09,Household,169,0
2024-03-25,HHD-09,Household,429,0
2024-04-01,HHD-09,Household,110,0
2024-04-08,HHD-09,Household,88,0
2024-04-15,HHD-09,Household,113,0
2024-04-22,HHD-09,Household,62,0
2024-04-29,HHD-09,Household,175,1
2024-05-06,HHD-09,Household,39,0
2024-05-13,HHD-09,Household,73,0
2024-05-20,HHD-09,Household,90,0
2024-05-27,HHD-09,Household,157,0
2024-06-03,HHD-09,Household,168,0
2024-06-10,HHD-09,Household,91,1
2024-06-17,HHD-09,Household,276,0
2024-06-24,HHD-09,Household,97,0
2024-07-01,HHD-09,Household,101,0
2024-07-08,HHD-09,Household,37,0
2024-07-15,HHD-09,Household,63,0
2024-07-22,HHD-09,Household,153,0
2024-07-29,HHD-09,Household,95,0
2024-08-05,HHD-09,Household,92,0
2024-08-12,HHD-09,Household,97,0
2024-08-19,HHD-09,Household,39,0
2024-08-26,HHD-09,Household,80,0
2024-09-02,HHD-09,Household,179,0
2024-09-09,HHD-09,Household,149,0
2024-09-16,HHD-09,Household,77,0
2024-09-23,HHD-09,Household,189,0
2024-09-30,HHD-09,Household,41,0
2024-10-07,HHD-09,Household,47,0
2024-10-14,HHD-09,Household,216,0
2024-10-21,HHD-09,Household,170,1
2024-10-28,HHD-09,Household,67,0
2024-11-04,HHD-09,Household,76,0
2024-11-11,HHD-09,Household,51,0
2024-11-18,HHD-09,Household,158,1
2024-11-25,HHD-09,Household,89,0
2024-12-02,HHD-09,Household,82,0
2024-12-09,HHD-09,Household,45,0
2024-12-16,HHD-09,Household,98,0
2024-12-23,HHD-09,Household,66,0
2022-01-03,PCA-01,Personal Care,220,0
2022-01-10,PCA-01,Personal Care,487,0
2022-01-17,PCA-01,Personal Care,392,0
2022-01-24,PCA-01,Personal Care,483,0
2022-01-31,PCA-01,Personal Care,474,0
2022-02-07,PCA-01,Personal Care,455,0
2022-02-14,PCA-01,Personal Care,389,0
2022-02-21,PCA-01,Personal Care,463,0
2022-02-28,PCA-01,Personal Care,563,0
2022-03-07,PCA-01,Personal Care,537,1
2022-03-14,PCA-01,Personal Care,624,0
2022-03-21,PCA-01,Personal Care,323,0
2022-03-28,PCA-01,Personal Care,315,0
2022-04-04,PCA-01,Personal Care,518,0
2022-04-11,PCA-01,Personal Care,361,0
2022-04-18,PCA-01,Personal Care,936,1
2022-04-25,PCA-01,Personal Care,535,0
2022-05-02,PCA-01,Personal Care,554,0
2022-05-09,PCA-01,Personal Care,475,0
2022-05-16,PCA-01,Personal Care,329,0
2022-05-23,PCA-01,Personal Care,392,1
2022-05-30,PCA-01,Personal Care,512,0
2022-06-06,PCA-01,Personal Care,282,0
2022-06-13,PCA-01,Personal Care,508,0
2022-06-20,PCA-01,Personal Care,569,1
2022-06-27,PCA-01,Personal Care,361,0
2022-07-04,PCA-01,Personal Care,397,0
2022-07-11,PCA-01,Personal Care,396,0
2022-07-18,PCA-01,Personal Care,346,0
2022-07-25,PCA-01,Personal Care,472,0
2022-08-01,PCA-01,Personal Care,467,0
2022-08-08,PCA-01,Personal Care,365,0
2022-08-15,PCA-01,Personal Care,313,0
2022-08-22,PCA-01,Personal Care,450,0
2022-08-29,PCA-01,Personal Care,234,0
2022-09-05,PCA-01,Personal Care,374,0
2022-09-12,PCA-01,Personal Care,392,0
2022-09-19,PCA-01,Personal Care,338,1
2022-09-26,PCA-01,Personal Care,402,0
2022-10-03,PCA-01,Personal Care,328,0
2022-10-10,PCA-01,Personal Care,294,0
2022-10-17,PCA-01,Personal Care,391,0
2022-10-24,PCA-01,Personal Care,262,0
2022-10-31,PCA-01,Personal Care,383,0
2022-11-07,PCA-01,Personal Care,221,0
2022-11-14,PCA-01,Personal Care,347,0
2022-11-21,PCA-01,Personal Care,336,0
2022-11-28,PCA-01,Personal Care,306,0
2022-12-05,PCA-01,Personal Care,459,1
2022-12-12,PCA-01,Personal Care,351,0
2022-12-19,PCA-01,Personal Care,451,0
2022-12-26,PCA-01,Personal Care,423,0
2023-01-02,PCA-01,Personal Care,428,0
2023-01-09,PCA-01,Personal Care,429,0
2023-01-16,PCA-01,Personal Care,382,0
2023-01-23,PCA-01,Personal Care,407,0
2023-01-30,PCA-01,Personal Care,465,0
2023-02-06,PCA-01,Personal Care,439,0
2023-02-13,PCA-01,Personal Care,576,0
2023-02-20,PCA-01,Personal Care,481,0
2023-02-27,PCA-01,Personal Care,515,0
2023-03-06,PCA-01,Personal Care,368,0
2023-03-13,PCA-01,Personal Care,583,0
2023-03-20,PCA-01,Personal Care,434,0
2023-03-27,PCA-01,Personal Care,396,0
2023-04-03,PCA-01,Personal Care,663,0
2023-04-10,PCA-01,Personal Care,547,0
2023-04-17,PCA-01,Personal Care,570,0
2023-04-24,PCA-01,Personal Care,508,0
2023-05-01,PCA-01,Personal Care,450,0
2023-05-08,PCA-01,Personal Care,428,0
2023-05-15,PCA-01,Personal Care,517,0
2023-05-22,PCA-01,Personal Care,545,0
2023-05-29,PCA-01,Personal Care,426,0
2023-06-05,PCA-01,Personal Care,637,0
2023-06-12,PCA-01,Personal Care,405,0
2023-06-19,PCA-01,Personal Care,318,0
2023-06-26,PCA-01,Personal Care,295,0
2023-07-03,PCA-01,Personal Care,295,0
2023-07-10,PCA-01,Personal Care,376,0
2023-07-17,PCA-01,Personal Care,387,0
2023-07-24,PCA-01,Personal Care,460,0
2023-07-31,PCA-01,Personal Care,686,1
2023-08-07,PCA-01,Personal Care,470,0
2023-08-14,PCA-01,Personal Care,400,0
2023-08-21,PCA-01,Personal Care,395,0
2023-08-28,PCA-01,Personal Care,349,0
2023-09-04,PCA-01,Personal Care,510,0
2023-09-11,PCA-01,Personal Care,284,0
2023-09-18,PCA-01,Personal Care,402,0
2023-09-25,PCA-01,Personal Care,362,0
2023-10-02,PCA-01,Personal Care,432,0
2023-10-09,PCA-01,Personal Care,366,0
2023-10-16,PCA-01,Personal Care,366,0
2023-10-23,PCA-01,Personal Care,346,0
2023-10-30,PCA-01,Personal Care,477,0
2023-11-06,PCA-01,Personal Care,366,0
2023-11-13,PCA-01,Personal Care,540,0
2023-11-20,PCA-01,Personal Care,394,0
2023-11-27,PCA-01,Personal Care,382,0
2023-12-04,PCA-01,Personal Care,378,0
2023-12-11,PCA-01,Personal Care,446,0
2023-12-18,PCA-01,Personal Care,367,0
2023-12-25,PCA-01,Personal Care,437,0
2024-01-01,PCA-01,Personal Care,439,0
2024-01-08,PCA-01,Personal Care,483,0
2024-01-15,PCA-01,Personal Care,501,0
2024-01-22,PCA-01,Personal Care,522,0
2024-01-29,PCA-01,Personal Care,505,0
2024-02-05,PCA-01,Personal Care,690,0
2024-02-12,PCA-01,Personal Care,565,0
2024-02-19,PCA-01,Personal Care,879,0
2024-02-26,PCA-01,Personal Care,542,0
2024-03-04,PCA-01,Personal Care,653,0
2024-03-11,PCA-01,Personal Care,620,1
2024-03-18,PCA-01,Personal Care,717,0
2024-03-25,PCA-01,Personal Care,476,0
2024-04-01,PCA-01,Personal Care,593,0
2024-04-08,PCA-01,Personal Care,511,0
2024-04-15,PCA-01,Personal Care,581,0
2024-04-22,PCA-01,Personal Care,502,0
2024-04-29,PCA-01,Personal Care,444,0
2024-05-06,PCA-01,Personal Care,483,0
2024-05-13,PCA-01,Personal Care,677,0
2024-05-20,PCA-01,Personal Care,541,0
2024-05-27,PCA-01,Personal Care,379,0
2024-06-03,PCA-01,Personal Care,594,0
2024-06-10,PCA-01,Personal Care,399,0
2024-06-17,PCA-01,Personal Care,542,0
2024-06-24,PCA-01,Personal Care,518,0
2024-07-01,PCA-01,Personal Care,520,0
2024-07-08,PCA-01,Personal Care,658,0
2024-07-15,PCA-01,Personal Care,388,0
2024-07-22,PCA-01,Personal Care,511,0
2024-07-29,PCA-01,Personal Care,577,0
2024-08-05,PCA-01,Personal Care,396,0
2024-08-12,PCA-01,Personal Care,386,0
2024-08-19,PCA-01,Personal Care,419,0
2024-08-26,PCA-01,Personal Care,469,0
2024-09-02,PCA-01,Personal Care,331,0
2024-09-09,PCA-01,Personal Care,480,0
2024-09-16,PCA-01,Personal Care,325,0
2024-09-23,PCA-01,Personal Care,543,0
2024-09-30,PCA-01,Personal Care,462,0
2024-10-07,PCA-01,Personal Care,601,0
2024-10-14,PCA-01,Personal Care,469,0
2024-10-21,PCA-01,Personal Care,386,0
2024-10-28,PCA-01,Personal Care,350,0
2024-11-04,PCA-01,Personal Care,430,0
2024-11-11,PCA-01,Personal Care,411,0
2024-11-18,PCA-01,Personal Care,528,0
2024-11-25,PCA-01,Personal Care,356,0
2024-12-02,PCA-01,Personal Care,926,1
2024-12-09,PCA-01,Personal Care,573,0
2024-12-16,PCA-01,Personal Care,442,0
2024-12-23,PCA-01,Personal Care,1025,1
2022-01-03,PCA-02,Personal Care,70,0
2022-01-10,PCA-02,Personal Care,66,0
2022-01-17,PCA-02,Personal Care,41,0
2022-01-24,PCA-02,Personal Care,28,0
2022-01-31,PCA-02,Personal Care,51,0
2022-02-07,PCA-02,Personal Care,130,0
2022-02-14,PCA-02,Personal Care,135,0
2022-02-21,PCA-02,Personal Care,67,0
2022-02-28,PCA-02,Personal Care,54,0
2022-03-07,PCA-02,Personal Care,84,0
2022-03-14,PCA-02,Personal Care,90,0
2022-03-21,PCA-02,Personal Care,96,0
2022-03-28,PCA-02,Personal Care,33,0
2022-04-04,PCA-02,Personal Care,231,0
2022-04-11,PCA-02,Personal Care,116,0
2022-04-18,PCA-02,Personal Care,73,0
2022-04-25,PCA-02,Personal Care,61,0
2022-05-02,PCA-02,Personal Care,108,0
2022-05-09,PCA-02,Personal Care,90,0
2022-05-16,PCA-02,Personal Care,77,0
2022-05-23,PCA-02,Personal Care,86,0
2022-05-30,PCA-02,Personal Care,80,1
2022-06-06,PCA-02,Personal Care,82,0
2022-06-13,PCA-02,Personal Care,90,0
2022-06-20,PCA-02,Personal Care,78,0
2022-06-27,PCA-02,Personal Care,75,0
2022-07-04,PCA-02,Personal Care,108,0
2022-07-11,PCA-02,Personal Care,39,0
2022-07-18,PCA-02,Personal Care,50,0
2022-07-25,PCA-02,Personal Care,66,0
2022-08-01,PCA-02,Personal Care,51,0
2022-08-08,PCA-02,Personal Care,56,0
2022-08-15,PCA-02,Personal Care,99,0
2022-08-22,PCA-02,Personal Care,60,0
2022-08-29,PCA-02,Personal Care,34,0
2022-09-05,PCA-02,Personal Care,54,0
2022-09-12,PCA-02,Personal Care,63,0
2022-09-19,PCA-02,Personal Care,62,0
2022-09-26,PCA-02,Personal Care,74,0
2022-10-03,PCA-02,Personal Care,71,0
2022-10-10,PCA-02,Personal Care,57,0
2022-10-17,PCA-02,Personal Care,39,0
2022-10-24,PCA-02,Personal Care,50,0
2022-10-31,PCA-02,Personal Care,47,0
2022-11-07,PCA-02,Personal Care,52,0
2022-11-14,PCA-02,Personal Care,72,0
2022-11-21,PCA-02,Personal Care,65,0
2022-11-28,PCA-02,Personal Care,76,0
2022-12-05,PCA-02,Personal Care,50,0
2022-12-12,PCA-02,Personal Care,97,0
2022-12-19,PCA-02,Personal Care,74,0
2022-12-26,PCA-02,Personal Care,62,0
2023-01-02,PCA-02,Personal Care,75,0
2023-01-09,PCA-02,Personal Care,50,0
2023-01-16,PCA-02,Personal Care,31,0
2023-01-23,PCA-02,Personal Care,54,0
2023-01-30,PCA-02,Personal Care,88,0
2023-02-06,PCA-02,Personal Care,72,0
2023-02-13,PCA-02,Personal Care,111,1
2023-02-20,PCA-02,Personal Care,55,0
2023-02-27,PCA-02,Personal Care,39,0
2023-03-06,PCA-02,Personal Care,124,0
2023-03-13,PCA-02,Personal Care,72,0
2023-03-20,PCA-02,Personal Care,68,0
2023-03-27,PCA-02,Personal Care,63,0
2023-04-03,PCA-02,Personal Care,122,0
2023-04-10,PCA-02,Personal Care,107,0
2023-04-17,PCA-02,Personal Care,57,0
2023-04-24,PCA-02,Personal Care,117,0
2023-05-01,PCA-02,Personal Care,74,0
2023-05-08,PCA-02,Personal Care,62,0
2023-05-15,PCA-02,Personal Care,68,0
2023-05-22,PCA-02,Personal Care,57,0
2023-05-29,PCA-02,Personal Care,47,0
2023-06-05,PCA-02,Personal Care,94,0
2023-06-12,PCA-02,Personal Care,66,0
2023-06-19,PCA-02,Personal Care,86,0
2023-06-26,PCA-02,Personal Care,76,0
2023-07-03,PCA-02,Personal Care,82,0
2023-07-10,PCA-02,Personal Care,33,0
2023-07-17,PCA-02,Personal Care,50,0
2023-07-24,PCA-02,Personal Care,80,0
2023-07-31,PCA-02,Personal Care,42,0
2023-08-07,PCA-02,Personal Care,74,0
2023-08-14,PCA-02,Personal Care,40,0
2023-08-21,PCA-02,Personal Care,94,1
2023-08-28,PCA-02,Personal Care,110,0
2023-09-04,PCA-02,Personal Care,82,0
2023-09-11,PCA-02,Personal Care,33,0
2023-09-18,PCA-02,Personal Care,83,0
2023-09-25,PCA-02,Personal Care,115,0
2023-10-02,PCA-02,Personal Care,158,0
2023-10-09,PCA-02,Personal Care,71,0
2023-10-16,PCA-02,Personal Care,37,0
2023-10-23,PCA-02,Personal Care,68,0
2023-10-30,PCA-02,Personal Care,101,0
2023-11-06,PCA-02,Personal Care,54,0
2023-11-13,PCA-02,Personal Care,82,0
2023-11-20,PCA-02,Personal Care,43,0
2023-11-27,PCA-02,Personal Care,65,0
2023-12-04,PCA-02,Personal Care,25,0
2023-12-11,PCA-02,Personal Care,42,0
2023-12-18,PCA-02,Personal Care,102,1
2023-12-25,PCA-02,Personal Care,53,0
2024-01-01,PCA-02,Personal Care,39,0
2024-01-08,PCA-02,Personal Care,53,0
2024-01-15,PCA-02,Personal Care,118,1
2024-01-22,PCA-02,Personal Care,65,0
2024-01-29,PCA-02,Personal Care,70,0
2024-02-05,PCA-02,Personal Care,90,0
2024-02-12,PCA-02,Personal Care,64,0
2024-02-19,PCA-02,Personal Care,117,0
2024-02-26,PCA-02,Personal Care,54,0
2024-03-04,PCA-02,Personal Care,148,0
2024-03-11,PCA-02,Personal Care,114,0
2024-03-18,PCA-02,Personal Care,70,0
2024-03-25,PCA-02,Personal Care,72,0
2024-04-01,PCA-02,Personal Care,86,0
2024-04-08,PCA-02,Personal Care,98,0
2024-04-15,PCA-02,Personal Care,116,0
2024-04-22,PCA-02,Personal Care,50,0
2024-04-29,PCA-02,Personal Care,91,0
2024-05-06,PCA-02,Personal Care,38,0
2024-05-13,PCA-02,Personal Care,72,0
2024-05-20,PCA-02,Personal Care,124,0
2024-05-27,PCA-02,Personal Care,46,0
2024-06-03,PCA-02,Personal Care,42,0
2024-06-10,PCA-02,Personal Care,77,0
2024-06-17,PCA-02,Personal Care,113,0
2024-06-24,PCA-02,Personal Care,126,1
2024-07-01,PCA-02,Personal Care,36,0
2024-07-08,PCA-02,Personal Care,38,0
2024-07-15,PCA-02,Personal Care,70,0
2024-07-22,PCA-02,Personal Care,45,0
2024-07-29,PCA-02,Personal Care,69,0
2024-08-05,PCA-02,Personal Care,70,0
2024-08-12,PCA-02,Personal Care,55,0
2024-08-19,PCA-02,Personal Care,120,0
2024-08-26,PCA-02,Personal Care,79,0
2024-09-02,PCA-02,Personal Care,97,0
2024-09-09,PCA-02,Personal Care,87,0
2024-09-16,PCA-02,Personal Care,60,0
2024-09-23,PCA-02,Personal Care,58,0
2024-09-30,PCA-02,Personal Care,56,0
2024-10-07,PCA-02,Personal Care,77,0
2024-10-14,PCA-02,Personal Care,48,0
2024-10-21,PCA-02,Personal Care,107,0
2024-10-28,PCA-02,Personal Care,46,0
2024-11-04,PCA-02,Personal Care,63,0
2024-11-11,PCA-02,Personal Care,54,0
2024-11-18,PCA-02,Personal Care,50,0
2024-11-25,PCA-02,Personal Care,147,1
2024-12-02,PCA-02,Personal Care,50,0
2024-12-09,PCA-02,Personal Care,53,0
2024-12-16,PCA-02,Personal Care,47,0
2024-12-23,PCA-02,Personal Care,61,0
2022-01-03,PCA-03,Personal Care,81,0
2022-01-10,PCA-03,Personal Care,71,0
2022-01-17,PCA-03,Personal Care,59,0
2022-01-24,PCA-03,Personal Care,61,0
2022-01-31,PCA-03,Personal Care,92,0
2022-02-07,PCA-03,Personal Care,137,1
2022-02-14,PCA-03,Personal Care,88,0
2022-02-21,PCA-03,Personal Care,79,0
2022-02-28,PCA-03,Personal Care,84,0
2022-03-07,PCA-03,Personal Care,83,0
2022-03-14,PCA-03,Personal Care,62,0
2022-03-21,PCA-03,Personal Care,161,1
2022-03-28,PCA-03,Personal Care,104,0
2022-04-04,PCA-03,Personal Care,95,0
2022-04-11,PCA-03,Personal Care,139,0
2022-04-18,PCA-03,Personal Care,76,0
2022-04-25,PCA-03,Personal Care,82,0
2022-05-02,PCA-03,Personal Care,97,0
2022-05-09,PCA-03,Personal Care,99,0
2022-05-16,PCA-03,Personal Care,61,0
2022-05-23,PCA-03,Personal Care,105,0
2022-05-30,PCA-03,Personal Care,96,0
2022-06-06,PCA-03,Personal Care,56,0
2022-06-13,PCA-03,Personal Care,87,0
2022-06-20,PCA-03,Personal Care,74,0
2022-06-27,PCA-03,Personal Care,79,0
2022-07-04,PCA-03,Personal Care,64,0
2022-07-11,PCA-03,Personal Care,94,0
2022-07-18,PCA-03,Personal Care,125,0
2022-07-25,PCA-03,Personal Care,90,0
2022-08-01,PCA-03,Personal Care,52,0
2022-08-08,PCA-03,Personal Care,89,0
2022-08-15,PCA-03,Personal Care,80,0
2022-08-22,PCA-03,Personal Care,66,0
2022-08-29,PCA-03,Personal Care,90,0
2022-09-05,PCA-03,Personal Care,101,0
2022-09-12,PCA-03,Personal Care,71,0
2022-09-19,PCA-03,Personal Care,57,0
2022-09-26,PCA-03,Personal Care,53,0
2022-10-03,PCA-03,Personal Care,70,0
2022-10-10,PCA-03,Personal Care,126,1
2022-10-17,PCA-03,Personal Care,72,0
2022-10-24,PCA-03,Personal Care,69,0
2022-10-31,PCA-03,Personal Care,90,0
2022-11-07,PCA-03,Personal Care,88,0
2022-11-14,PCA-03,Personal Care,82,0
2022-11-21,PCA-03,Personal Care,94,0
2022-11-28,PCA-03,Personal Care,68,0
2022-12-05,PCA-03,Personal Care,62,0
2022-12-12,PCA-03,Personal Care,71,0
2022-12-19,PCA-03,Personal Care,102,1
2022-12-26,PCA-03,Personal Care,84,1
2023-01-02,PCA-03,Personal Care,74,0
2023-01-09,PCA-03,Personal Care,108,0
2023-01-16,PCA-03,Personal Care,104,0
2023-01-23,PCA-03,Personal Care,100,0
2023-01-30,PCA-03,Personal Care,94,0
2023-02-06,PCA-03,Personal Care,129,0
2023-02-13,PCA-03,Personal Care,92,1
2023-02-20,PCA-03,Personal Care,80,0
2023-02-27,PCA-03,Personal Care,129,0
2023-03-06,PCA-03,Personal Care,104,0
2023-03-13,PCA-03,Personal Care,90,0
2023-03-20,PCA-03,Personal Care,120,0
2023-03-27,PCA-03,Personal Care,98,0
2023-04-03,PCA-03,Personal Care,90,0
2023-04-10,PCA-03,Personal Care,90,0
2023-04-17,PCA-03,Personal Care,117,0
2023-04-24,PCA-03,Personal Care,114,0
2023-05-01,PCA-03,Personal Care,152,0
2023-05-08,PCA-03,Personal Care,102,0
2023-05-15,PCA-03,Personal Care,100,0
2023-05-22,PCA-03,Personal Care,146,0
2023-05-29,PCA-03,Personal Care,131,0
2023-06-05,PCA-03,Personal Care,108,0
2023-06-12,PCA-03,Personal Care,73,0
2023-06-19,PCA-03,Personal Care,85,0
2023-06-26,PCA-03,Personal Care,80,0
2023-07-03,PCA-03,Personal Care,101,0
2023-07-10,PCA-03,Personal Care,89,0
2023-07-17,PCA-03,Personal Care,140,0
2023-07-24,PCA-03,Personal Care,69,0
2023-07-31,PCA-03,Personal Care,76,0
2023-08-07,PCA-03,Personal Care,103,0
2023-08-14,PCA-03,Personal Care,109,0
2023-08-21,PCA-03,Personal Care,55,0
2023-08-28,PCA-03,Personal Care,66,0
2023-09-04,PCA-03,Personal Care,91,0
2023-09-11,PCA-03,Personal Care,129,0
2023-09-18,PCA-03,Personal Care,144,0
2023-09-25,PCA-03,Personal Care,87,0
2023-10-02,PCA-03,Personal Care,91,0
2023-10-09,PCA-03,Personal Care,78,0
2023-10-16,PCA-03,Personal Care,107,0
2023-10-23,PCA-03,Personal Care,130,0
2023-10-30,PCA-03,Personal Care,121,0
2023-11-06,PCA-03,Personal Care,91,0
2023-11-13,PCA-03,Personal Care,76,0
2023-11-20,PCA-03,Personal Care,91,0
2023-11-27,PCA-03,Personal Care,123,0
2023-12-04,PCA-03,Personal Care,84,0
2023-12-11,PCA-03,Personal Care,62,0
2023-12-18,PCA-03,Personal Care,86,0
2023-12-25,PCA-03,Personal Care,89,0
2024-01-01,PCA-03,Personal Care,64,0
2024-01-08,PCA-03,Personal Care,103,0
2024-01-15,PCA-03,Personal Care,112,0
2024-01-22,PCA-03,Personal Care,154,0
2024-01-29,PCA-03,Personal Care,79,0
2024-02-05,PCA-03,Personal Care,127,0
2024-02-12,PCA-03,Personal Care,137,0
2024-02-19,PCA-03,Personal Care,127,0
2024-02-26,PCA-03,Personal Care,93,0
2024-03-04,PCA-03,Personal Care,94,0
2024-03-11,PCA-03,Personal Care,124,0
2024-03-18,PCA-03,Personal Care,125,0
2024-03-25,PCA-03,Personal Care,110,0
2024-04-01,PCA-03,Personal Care,167,0
2024-04-08,PCA-03,Personal Care,116,0
2024-04-15,PCA-03,Personal Care,84,0
2024-04-22,PCA-03,Personal Care,120,0
2024-04-29,PCA-03,Personal Care,140,0
2024-05-06,PCA-03,Personal Care,135,0
2024-05-13,PCA-03,Personal Care,134,0
2024-05-20,PCA-03,Personal Care,171,0
2024-05-27,PCA-03,Personal Care,96,0
2024-06-03,PCA-03,Personal Care,110,0
2024-06-10,PCA-03,Personal Care,168,0
2024-06-17,PCA-03,Personal Care,77,0
2024-06-24,PCA-03,Personal Care,143,1
2024-07-01,PCA-03,Personal Care,152,0
2024-07-08,PCA-03,Personal Care,150,0
2024-07-15,PCA-03,Personal Care,132,0
2024-07-22,PCA-03,Personal Care,132,0
2024-07-29,PCA-03,Personal Care,90,0
2024-08-05,PCA-03,Personal Care,152,0
2024-08-12,PCA-03,Personal Care,86,0
2024-08-19,PCA-03,Personal Care,87,0
2024-08-26,PCA-03,Personal Care,122,0
2024-09-02,PCA-03,Personal Care,100,0
2024-09-09,PCA-03,Personal Care,116,0
2024-09-16,PCA-03,Personal Care,122,0
2024-09-23,PCA-03,Personal Care,163,0
2024-09-30,PCA-03,Personal Care,120,0
2024-10-07,PCA-03,Personal Care,95,0
2024-10-14,PCA-03,Personal Care,125,0
2024-10-21,PCA-03,Personal Care,89,0
2024-10-28,PCA-03,Personal Care,130,0
2024-11-04,PCA-03,Personal Care,108,0
2024-11-11,PCA-03,Personal Care,115,0
2024-11-18,PCA-03,Personal Care,71,0
2024-11-25,PCA-03,Personal Care,64,0
2024-12-02,PCA-03,Personal Care,76,0
2024-12-09,PCA-03,Personal Care,156,0
2024-12-16,PCA-03,Personal Care,84,0
2024-12-23,PCA-03,Personal Care,128,0
2022-01-03,PCA-04,Personal Care,88,0
2022-01-10,PCA-04,Personal Care,98,0
2022-01-17,PCA-04,Personal Care,41,0
2022-01-24,PCA-04,Personal Care,59,0
2022-01-31,PCA-04,Personal Care,51,0
2022-02-07,PCA-04,Personal Care,97,0
2022-02-14,PCA-04,Personal Care,67,0
2022-02-21,PCA-04,Personal Care,82,0
2022-02-28,PCA-04,Personal Care,63,0
2022-03-07,PCA-04,Personal Care,91,0
2022-03-14,PCA-04,Personal Care,68,0
2022-03-21,PCA-04,Personal Care,158,0
2022-03-28,PCA-04,Personal Care,143,0
2022-04-04,PCA-04,Personal Care,126,0
2022-04-11,PCA-04,Personal Care,104,0
2022-04-18,PCA-04,Personal Care,49,0
2022-04-25,PCA-04,Personal Care,98,0
2022-05-02,PCA-04,Personal Care,85,0
2022-05-09,PCA-04,Personal Care,132,0
2022-05-16,PCA-04,Personal Care,153,0
2022-05-23,PCA-04,Personal Care,133,0
2022-05-30,PCA-04,Personal Care,198,0
2022-06-06,PCA-04,Personal Care,88,0
2022-06-13,PCA-04,Personal Care,85,0
2022-06-20,PCA-04,Personal Care,171,0
2022-06-27,PCA-04,Personal Care,115,0
2022-07-04,PCA-04,Personal Care,95,0
2022-07-11,PCA-04,Personal Care,232,0
2022-07-18,PCA-04,Personal Care,132,0
2022-07-25,PCA-04,Personal Care,93,0
2022-08-01,PCA-04,Personal Care,95,1
2022-08-08,PCA-04,Personal Care,178,0
2022-08-15,PCA-04,Personal Care,109,0
2022-08-22,PCA-04,Personal Care,100,0
2022-08-29,PCA-04,Personal Care,132,0
2022-09-05,PCA-04,Personal Care,227,1
2022-09-12,PCA-04,Personal Care,124,0
2022-09-19,PCA-04,Personal Care,142,0
2022-09-26,PCA-04,Personal Care,117,0
2022-10-03,PCA-04,Personal Care,121,0
2022-10-10,PCA-04,Personal Care,68,0
2022-10-17,PCA-04,Personal Care,205,0
2022-10-24,PCA-04,Personal Care,54,0
2022-10-31,PCA-04,Personal Care,104,0
2022-11-07,PCA-04,Personal Care,50,0
2022-11-14,PCA-04,Personal Care,86,0
2022-11-21,PCA-04,Personal Care,69,0
2022-11-28,PCA-04,Personal Care,94,0
2022-12-05,PCA-04,Personal Care,103,0
2022-12-12,PCA-04,Personal Care,59,0
2022-12-19,PCA-04,Personal Care,89,0
2022-12-26,PCA-04,Personal Care,167,0
2023-01-02,PCA-04,Personal Care,53,0
2023-01-09,PCA-04,Personal Care,66,0
2023-01-16,PCA-04,Personal Care,143,0
2023-01-23,PCA-04,Personal Care,105,0
2023-01-30,PCA-04,Personal Care,112,0
2023-02-06,PCA-04,Personal Care,170,0
2023-02-13,PCA-04,Personal Care,80,0
2023-02-20,PCA-04,Personal Care,93,0
2023-02-27,PCA-04,Personal Care,91,0
2023-03-06,PCA-04,Personal Care,107,0
2023-03-13,PCA-04,Personal Care,229,0
2023-03-20,PCA-04,Personal Care,62,0
2023-03-27,PCA-04,Personal Care,79,0
2023-04-03,PCA-04,Personal Care,107,1
2023-04-10,PCA-04,Personal Care,251,0
2023-04-17,PCA-04,Personal Care,105,0
2023-04-24,PCA-04,Personal Care,119,0
2023-05-01,PCA-04,Personal Care,68,0
2023-05-08,PCA-04,Personal Care,122,0
2023-05-15,PCA-04,Personal Care,197,0
2023-05-22,PCA-04,Personal Care,149,0
2023-05-29,PCA-04,Personal Care,126,0
2023-06-05,PCA-04,Personal Care,66,0
2023-06-12,PCA-04,Personal Care,111,0
2023-06-19,PCA-04,Personal Care,134,0
2023-06-26,PCA-04,Personal Care,100,1
2023-07-03,PCA-04,Personal Care,162,0
2023-07-10,PCA-04,Personal Care,176,0
2023-07-17,PCA-04,Personal Care,94,0
2023-07-24,PCA-04,Personal Care,161,0
2023-07-31,PCA-04,Personal Care,111,0
2023-08-07,PCA-04,Personal Care,190,0
2023-08-14,PCA-04,Personal Care,278,0
2023-08-21,PCA-04,Personal Care,71,0
2023-08-28,PCA-04,Personal Care,158,0
2023-09-04,PCA-04,Personal Care,199,0
2023-09-11,PCA-04,Personal Care,73,0
2023-09-18,PCA-04,Personal Care,87,0
2023-09-25,PCA-04,Personal Care,86,0
2023-10-02,PCA-04,Personal Care,103,0
2023-10-09,PCA-04,Personal Care,93,0
2023-10-16,PCA-04,Personal Care,99,0
2023-10-23,PCA-04,Personal Care,153,0
2023-10-30,PCA-04,Personal Care,46,0
2023-11-06,PCA-04,Personal Care,68,0
2023-11-13,PCA-04,Personal Care,138,0
2023-11-20,PCA-04,Personal Care,130,0
2023-11-27,PCA-04,Personal Care,64,0
2023-12-04,PCA-04,Personal Care,130,0
2023-12-11,PCA-04,Personal Care,182,0
2023-12-18,PCA-04,Personal Care,101,0
2023-12-25,PCA-04,Personal Care,68,0
2024-01-01,PCA-04,Personal Care,156,0
2024-01-08,PCA-04,Personal Care,232,0
2024-01-15,PCA-04,Personal Care,77,0
2024-01-22,PCA-04,Personal Care,118,0
2024-01-29,PCA-04,Personal Care,194,0
2024-02-05,PCA-04,Personal Care,131,0
2024-02-12,PCA-04,Personal Care,60,0
2024-02-19,PCA-04,Personal Care,162,0
2024-02-26,PCA-04,Personal Care,115,1
2024-03-04,PCA-04,Personal Care,82,0
2024-03-11,PCA-04,Personal Care,69,0
2024-03-18,PCA-04,Personal Care,252,0
2024-03-25,PCA-04,Personal Care,153,1
2024-04-01,PCA-04,Personal Care,180,0
2024-04-08,PCA-04,Personal Care,202,0
2024-04-15,PCA-04,Personal Care,170,0
2024-04-22,PCA-04,Personal Care,180,0
2024-04-29,PCA-04,Personal Care,187,0
2024-05-06,PCA-04,Personal Care,167,0
2024-05-13,PCA-04,Personal Care,112,0
2024-05-20,PCA-04,Personal Care,107,0
2024-05-27,PCA-04,Personal Care,145,0
2024-06-03,PCA-04,Personal Care,142,0
2024-06-10,PCA-04,Personal Care,178,0
2024-06-17,PCA-04,Personal Care,234,0
2024-06-24,PCA-04,Personal Care,166,0
2024-07-01,PCA-04,Personal Care,99,0
2024-07-08,PCA-04,Personal Care,54,0
2024-07-15,PCA-04,Personal Care,98,0
2024-07-22,PCA-04,Personal Care,75,0
2024-07-29,PCA-04,Personal Care,97,0
2024-08-05,PCA-04,Personal Care,148,0
2024-08-12,PCA-04,Personal Care,137,0
2024-08-19,PCA-04,Personal Care,295,0
2024-08-26,PCA-04,Personal Care,161,0
2024-09-02,PCA-04,Personal Care,298,0
2024-09-09,PCA-04,Personal Care,176,0
2024-09-16,PCA-04,Personal Care,243,1
2024-09-23,PCA-04,Personal Care,171,1
2024-09-30,PCA-04,Personal Care,79,0
2024-10-07,PCA-04,Personal Care,103,0
2024-10-14,PCA-04,Personal Care,123,0
2024-10-21,PCA-04,Personal Care,93,0
2024-10-28,PCA-04,Personal Care,78,0
2024-11-04,PCA-04,Personal Care,144,0
2024-11-11,PCA-04,Personal Care,77,0
2024-11-18,PCA-04,Personal Care,60,0
2024-11-25,PCA-04,Personal Care,72,0
2024-12-02,PCA-04,Personal Care,106,0
2024-12-09,PCA-04,Personal Care,76,0
2024-12-16,PCA-04,Personal Care,107,0
2024-12-23,PCA-04,Personal Care,156,0
2022-01-03,PCA-05,Personal Care,593,0
2022-01-10,PCA-05,Personal Care,664,0
2022-01-17,PCA-05,Personal Care,634,0
2022-01-24,PCA-05,Personal Care,807,0
2022-01-31,PCA-05,Personal Care,678,0
2022-02-07,PCA-05,Personal Care,507,0
2022-02-14,PCA-05,Personal Care,923,1
2022-02-21,PCA-05,Personal Care,706,0
2022-02-28,PCA-05,Personal Care,984,1
2022-03-07,PCA-05,Personal Care,813,0
2022-03-14,PCA-05,Personal Care,744,0
2022-03-21,PCA-05,Personal Care,626,0
2022-03-28,PCA-05,Personal Care,715,0
2022-04-04,PCA-05,Personal Care,1125,0
2022-04-11,PCA-05,Personal Care,1120,0
2022-04-18,PCA-05,Personal Care,803,0
2022-04-25,PCA-05,Personal Care,772,0
2022-05-02,PCA-05,Personal Care,506,0
2022-05-09,PCA-05,Personal Care,1206,0
2022-05-16,PCA-05,Personal Care,985,0
2022-05-23,PCA-05,Personal Care,897,0
2022-05-30,PCA-05,Personal Care,379,0
2022-06-06,PCA-05,Personal Care,712,0
2022-06-13,PCA-05,Personal Care,668,0
2022-06-20,PCA-05,Personal Care,825,0
2022-06-27,PCA-05,Personal Care,592,0
2022-07-04,PCA-05,Personal Care,621,0
2022-07-11,PCA-05,Personal Care,779,0
2022-07-18,PCA-05,Personal Care,909,1
2022-07-25,PCA-05,Personal Care,548,0
2022-08-01,PCA-05,Personal Care,674,0
2022-08-08,PCA-05,Personal Care,922,0
2022-08-15,PCA-05,Personal Care,1197,1
2022-08-22,PCA-05,Personal Care,848,0
2022-08-29,PCA-05,Personal Care,636,0
2022-09-05,PCA-05,Personal Care,944,0
2022-09-12,PCA-05,Personal Care,514,1
2022-09-19,PCA-05,Personal Care,1078,0
2022-09-26,PCA-05,Personal Care,1840,1
2022-10-03,PCA-05,Personal Care,683,0
2022-10-10,PCA-05,Personal Care,751,0
2022-10-17,PCA-05,Personal Care,582,0
2022-10-24,PCA-05,Personal Care,549,0
2022-10-31,PCA-05,Personal Care,486,0
2022-11-07,PCA-05,Personal Care,563,0
2022-11-14,PCA-05,Personal Care,663,0
2022-11-21,PCA-05,Personal Care,637,0
2022-11-28,PCA-05,Personal Care,988,0
2022-12-05,PCA-05,Personal Care,587,0
2022-12-12,PCA-05,Personal Care,381,0
2022-12-19,PCA-05,Personal Care,930,0
2022-12-26,PCA-05,Personal Care,427,0
2023-01-02,PCA-05,Personal Care,528,0
2023-01-09,PCA-05,Personal Care,687,0
2023-01-16,PCA-05,Personal Care,740,0
2023-01-23,PCA-05,Personal Care,456,0
2023-01-30,PCA-05,Personal Care,574,0
2023-02-06,PCA-05,Personal Care,485,0
2023-02-13,PCA-05,Personal Care,904,0
2023-02-20,PCA-05,Personal Care,1092,0
2023-02-27,PCA-05,Personal Care,575,0
2023-03-06,PCA-05,Personal Care,1777,1
2023-03-13,PCA-05,Personal Care,1102,0
2023-03-20,PCA-05,Personal Care,721,0
2023-03-27,PCA-05,Personal Care,505,0
2023-04-03,PCA-05,Personal Care,770,1
2023-04-10,PCA-05,Personal Care,756,0
2023-04-17,PCA-05,Personal Care,1374,0
2023-04-24,PCA-05,Personal Care,862,0
2023-05-01,PCA-05,Personal Care,668,0
2023-05-08,PCA-05,Personal Care,914,0
2023-05-15,PCA-05,Personal Care,604,0
2023-05-22,PCA-05,Personal Care,986,0
2023-05-29,PCA-05,Personal Care,640,0
2023-06-05,PCA-05,Personal Care,656,0
2023-06-12,PCA-05,Personal Care,904,0
2023-06-19,PCA-05,Personal Care,1306,0
2023-06-26,PCA-05,Personal Care,1457,0
2023-07-03,PCA-05,Personal Care,582,0
2023-07-10,PCA-05,Personal Care,651,0
2023-07-17,PCA-05,Personal Care,879,0
2023-07-24,PCA-05,Personal Care,1046,0
2023-07-31,PCA-05,Personal Care,410,0
2023-08-07,PCA-05,Personal Care,763,0
2023-08-14,PCA-05,Personal Care,647,0
2023-08-21,PCA-05,Personal Care,431,0
2023-08-28,PCA-05,Personal Care,505,0
2023-09-04,PCA-05,Personal Care,623,0
2023-09-11,PCA-05,Personal Care,737,0
2023-09-18,PCA-05,Personal Care,953,0
2023-09-25,PCA-05,Personal Care,788,0
2023-10-02,PCA-05,Personal Care,920,0
2023-10-09,PCA-05,Personal Care,704,0
2023-10-16,PCA-05,Personal Care,568,0
2023-10-23,PCA-05,Personal Care,649,0
2023-10-30,PCA-05,Personal Care,821,0
2023-11-06,PCA-05,Personal Care,894,0
2023-11-13,PCA-05,Personal Care,639,0
2023-11-20,PCA-05,Personal Care,512,0
2023-11-27,PCA-05,Personal Care,730,0
2023-12-04,PCA-05,Personal Care,764,0
2023-12-11,PCA-05,Personal Care,953,0
2023-12-18,PCA-05,Personal Care,568,0
2023-12-25,PCA-05,Personal Care,582,0
2024-01-01,PCA-05,Personal Care,889,0
2024-01-08,PCA-05,Personal Care,662,0
2024-01-15,PCA-05,Personal Care,676,0
2024-01-22,PCA-05,Personal Care,1127,0
2024-01-29,PCA-05,Personal Care,562,0
2024-02-05,PCA-05,Personal Care,1517,0
2024-02-12,PCA-05,Personal Care,746,0
2024-02-19,PCA-05,Personal Care,1165,0
2024-02-26,PCA-05,Personal Care,915,0
2024-03-04,PCA-05,Personal Care,1046,0
2024-03-11,PCA-05,Personal Care,1310,1
2024-03-18,PCA-05,Personal Care,1286,0
2024-03-25,PCA-05,Personal Care,933,0
2024-04-01,PCA-05,Personal Care,885,0
2024-04-08,PCA-05,Personal Care,1734,0
2024-04-15,PCA-05,Personal Care,1056,0
2024-04-22,PCA-05,Personal Care,865,0
2024-04-29,PCA-05,Personal Care,976,1
2024-05-06,PCA-05,Personal Care,1733,0
2024-05-13,PCA-05,Personal Care,873,0
2024-05-20,PCA-05,Personal Care,1785,0
2024-05-27,PCA-05,Personal Care,1105,0
2024-06-03,PCA-05,Personal Care,1012,0
2024-06-10,PCA-05,Personal Care,1003,0
2024-06-17,PCA-05,Personal Care,1748,0
2024-06-24,PCA-05,Personal Care,503,0
2024-07-01,PCA-05,Personal Care,971,0
2024-07-08,PCA-05,Personal Care,839,0
2024-07-15,PCA-05,Personal Care,1436,1
2024-07-22,PCA-05,Personal Care,924,0
2024-07-29,PCA-05,Personal Care,816,0
2024-08-05,PCA-05,Personal Care,921,0
2024-08-12,PCA-05,Personal Care,864,0
2024-08-19,PCA-05,Personal Care,599,0
2024-08-26,PCA-05,Personal Care,957,0
2024-09-02,PCA-05,Personal Care,1045,0
2024-09-09,PCA-05,Personal Care,731,0
2024-09-16,PCA-05,Personal Care,1423,0
2024-09-23,PCA-05,Personal Care,1216,0
2024-09-30,PCA-05,Personal Care,1050,0
2024-10-07,PCA-05,Personal Care,1035,0
2024-10-14,PCA-05,Personal Care,819,0
2024-10-21,PCA-05,Personal Care,1104,0
2024-10-28,PCA-05,Personal Care,1231,0
2024-11-04,PCA-05,Personal Care,986,0
2024-11-11,PCA-05,Personal Care,666,0
2024-11-18,PCA-05,Personal Care,770,0
2024-11-25,PCA-05,Personal Care,914,0
2024-12-02,PCA-05,Personal Care,988,0
2024-12-09,PCA-05,Personal Care,773,0
2024-12-16,PCA-05,Personal Care,685,0
2024-12-23,PCA-05,Personal Care,1274,0
2022-01-03,PCA-06,Personal Care,27,0
2022-01-10,PCA-06,Personal Care,55,0
2022-01-17,PCA-06,Personal Care,26,0
2022-01-24,PCA-06,Personal Care,3,0
2022-01-31,PCA-06,Personal Care,35,0
2022-02-07,PCA-06,Personal Care,67,0
2022-02-14,PCA-06,Personal Care,45,0
2022-02-21,PCA-06,Personal Care,31,0
2022-02-28,PCA-06,Personal Care,77,0
2022-03-07,PCA-06,Personal Care,101,0
2022-03-14,PCA-06,Personal Care,52,0
2022-03-21,PCA-06,Personal Care,250,0
2022-03-28,PCA-06,Personal Care,83,0
2022-04-04,PCA-06,Personal Care,38,0
2022-04-11,PCA-06,Personal Care,31,0
2022-04-18,PCA-06,Personal Care,67,0
2022-04-25,PCA-06,Personal Care,202,0
2022-05-02,PCA-06,Personal Care,39,0
2022-05-09,PCA-06,Personal Care,128,0
2022-05-16,PCA-06,Personal Care,82,0
2022-05-23,PCA-06,Personal Care,401,0
2022-05-30,PCA-06,Personal Care,102,0
2022-06-06,PCA-06,Personal Care,40,0
2022-06-13,PCA-06,Personal Care,132,0
2022-06-20,PCA-06,Personal Care,133,0
2022-06-27,PCA-06,Personal Care,49,0
2022-07-04,PCA-06,Personal Care,25,0
2022-07-11,PCA-06,Personal Care,105,0
2022-07-18,PCA-06,Personal Care,70,0
2022-07-25,PCA-06,Personal Care,18,0
2022-08-01,PCA-06,Personal Care,81,0
2022-08-08,PCA-06,Personal Care,38,0
2022-08-15,PCA-06,Personal Care,18,0
2022-08-22,PCA-06,Personal Care,47,0
2022-08-29,PCA-06,Personal Care,187,0
2022-09-05,PCA-06,Personal Care,174,0
2022-09-12,PCA-06,Personal Care,138,0
2022-09-19,PCA-06,Personal Care,77,0
2022-09-26,PCA-06,Personal Care,101,0
2022-10-03,PCA-06,Personal Care,66,0
2022-10-10,PCA-06,Personal Care,23,0
2022-10-17,PCA-06,Personal Care,27,0
2022-10-24,PCA-06,Personal Care,35,0
2022-10-31,PCA-06,Personal Care,187,0
2022-11-07,PCA-06,Personal Care,141,0
2022-11-14,PCA-06,Personal Care,23,0
2022-11-21,PCA-06,Personal Care,59,0
2022-11-28,PCA-06,Personal Care,40,0
2022-12-05,PCA-06,Personal Care,50,0
2022-12-12,PCA-06,Personal Care,37,0
2022-12-19,PCA-06,Personal Care,195,0
2022-12-26,PCA-06,Personal Care,60,0
2023-01-02,PCA-06,Personal Care,76,0
2023-01-09,PCA-06,Personal Care,79,0
2023-01-16,PCA-06,Personal Care,29,0
2023-01-23,PCA-06,Personal Care,77,0
2023-01-30,PCA-06,Personal Care,180,0
2023-02-06,PCA-06,Personal Care,264,0
2023-02-13,PCA-06,Personal Care,30,0
2023-02-20,PCA-06,Personal Care,23,0
2023-02-27,PCA-06,Personal Care,126,1
2023-03-06,PCA-06,Personal Care,219,0
2023-03-13,PCA-06,Personal Care,119,0
2023-03-20,PCA-06,Personal Care,158,0
2023-03-27,PCA-06,Personal Care,29,0
2023-04-03,PCA-06,Personal Care,56,0
2023-04-10,PCA-06,Personal Care,14,0
2023-04-17,PCA-06,Personal Care,81,0
2023-04-24,PCA-06,Personal Care,15,0
2023-05-01,PCA-06,Personal Care,275,0
2023-05-08,PCA-06,Personal Care,327,0
2023-05-15,PCA-06,Personal Care,98,0
2023-05-22,PCA-06,Personal Care,24,0
2023-05-29,PCA-06,Personal Care,115,0
2023-06-05,PCA-06,Personal Care,395,0
2023-06-12,PCA-06,Personal Care,121,0
2023-06-19,PCA-06,Personal Care,216,0
2023-06-26,PCA-06,Personal Care,52,0
2023-07-03,PCA-06,Personal Care,37,0
2023-07-10,PCA-06,Personal Care,72,0
2023-07-17,PCA-06,Personal Care,15,0
2023-07-24,PCA-06,Personal Care,504,0
2023-07-31,PCA-06,Personal Care,103,1
2023-08-07,PCA-06,Personal Care,153,0
2023-08-14,PCA-06,Personal Care,50,0
2023-08-21,PCA-06,Personal Care,20,0
2023-08-28,PCA-06,Personal Care,240,0
2023-09-04,PCA-06,Personal Care,28,0
2023-09-11,PCA-06,Personal Care,95,0
2023-09-18,PCA-06,Personal Care,102,0
2023-09-25,PCA-06,Personal Care,74,0
2023-10-02,PCA-06,Personal Care,36,0
2023-10-09,PCA-06,Personal Care,60,0
2023-10-16,PCA-06,Personal Care,30,0
2023-10-23,PCA-06,Personal Care,131,0
2023-10-30,PCA-06,Personal Care,106,0
2023-11-06,PCA-06,Personal Care,64,0
2023-11-13,PCA-06,Personal Care,40,0
2023-11-20,PCA-06,Personal Care,630,1
2023-11-27,PCA-06,Personal Care,22,0
2023-12-04,PCA-06,Personal Care,18,0
2023-12-11,PCA-06,Personal Care,62,0
2023-12-18,PCA-06,Personal Care,54,0
2023-12-25,PCA-06,Personal Care,175,0
2024-01-01,PCA-06,Personal Care,123,0
2024-01-08,PCA-06,Personal Care,76,0
2024-01-15,PCA-06,Personal Care,117,0
2024-01-22,PCA-06,Personal Care,120,0
2024-01-29,PCA-06,Personal Care,489,0
2024-02-05,PCA-06,Personal Care,107,0
2024-02-12,PCA-06,Personal Care,72,1
2024-02-19,PCA-06,Personal Care,109,0
2024-02-26,PCA-06,Personal Care,10,0
2024-03-04,PCA-06,Personal Care,95,0
2024-03-11,PCA-06,Personal Care,251,0
2024-03-18,PCA-06,Personal Care,168,0
2024-03-25,PCA-06,Personal Care,179,1
2024-04-01,PCA-06,Personal Care,179,0
2024-04-08,PCA-06,Personal Care,326,1
2024-04-15,PCA-06,Personal Care,344,0
2024-04-22,PCA-06,Personal Care,150,0
2024-04-29,PCA-06,Personal Care,78,0
2024-05-06,PCA-06,Personal Care,14,0
2024-05-13,PCA-06,Personal Care,226,0
2024-05-20,PCA-06,Personal Care,238,1
2024-05-27,PCA-06,Personal Care,109,0
2024-06-03,PCA-06,Personal Care,53,0
2024-06-10,PCA-06,Personal Care,209,0
2024-06-17,PCA-06,Personal Care,73,0
2024-06-24,PCA-06,Personal Care,87,0
2024-07-01,PCA-06,Personal Care,84,0
2024-07-08,PCA-06,Personal Care,127,0
2024-07-15,PCA-06,Personal Care,33,0
2024-07-22,PCA-06,Personal Care,137,0
2024-07-29,PCA-06,Personal Care,46,0
2024-08-05,PCA-06,Personal Care,47,0
2024-08-12,PCA-06,Personal Care,176,0
2024-08-19,PCA-06,Personal Care,36,0
2024-08-26,PCA-06,Personal Care,173,0
2024-09-02,PCA-06,Personal Care,89,0
2024-09-09,PCA-06,Personal Care,20,0
2024-09-16,PCA-06,Personal Care,254,0
2024-09-23,PCA-06,Personal Care,103,0
2024-09-30,PCA-06,Personal Care,109,0
2024-10-07,PCA-06,Personal Care,217,1
2024-10-14,PCA-06,Personal Care,271,0
2024-10-21,PCA-06,Personal Care,89,0
2024-10-28,PCA-06,Personal Care,215,1
2024-11-04,PCA-06,Personal Care,101,0
2024-11-11,PCA-06,Personal Care,55,0
2024-11-18,PCA-06,Personal Care,19,0
2024-11-25,PCA-06,Personal Care,88,0
2024-12-02,PCA-06,Personal Care,237,0
2024-12-09,PCA-06,Personal Care,123,0
2024-12-16,PCA-06,Personal Care,31,0
2024-12-23,PCA-06,Personal Care,198,0
2022-01-03,PCA-07,Personal Care,192,0
2022-01-10,PCA-07,Personal Care,245,0
2022-01-17,PCA-07,Personal Care,238,0
2022-01-24,PCA-07,Personal Care,221,0
2022-01-31,PCA-07,Personal Care,252,0
2022-02-07,PCA-07,Personal Care,200,0
2022-02-14,PCA-07,Personal Care,356,1
2022-02-21,PCA-07,Personal Care,283,0
2022-02-28,PCA-07,Personal Care,167,0
2022-03-07,PCA-07,Personal Care,227,0
2022-03-14,PCA-07,Personal Care,142,0
2022-03-21,PCA-07,Personal Care,310,0
2022-03-28,PCA-07,Personal Care,223,0
2022-04-04,PCA-07,Personal Care,295,0
2022-04-11,PCA-07,Personal Care,202,0
2022-04-18,PCA-07,Personal Care,129,0
2022-04-25,PCA-07,Personal Care,397,0
2022-05-02,PCA-07,Personal Care,208,0
2022-05-09,PCA-07,Personal Care,154,0
2022-05-16,PCA-07,Personal Care,261,0
2022-05-23,PCA-07,Personal Care,323,0
2022-05-30,PCA-07,Personal Care,180,0
2022-06-06,PCA-07,Personal Care,183,0
2022-06-13,PCA-07,Personal Care,197,0
2022-06-20,PCA-07,Personal Care,139,0
2022-06-27,PCA-07,Personal Care,153,0
2022-07-04,PCA-07,Personal Care,284,0
2022-07-11,PCA-07,Personal Care,174,0
2022-07-18,PCA-07,Personal Care,145,0
2022-07-25,PCA-07,Personal Care,159,0
2022-08-01,PCA-07,Personal Care,233,0
2022-08-08,PCA-07,Personal Care,107,0
2022-08-15,PCA-07,Personal Care,187,0
2022-08-22,PCA-07,Personal Care,516,1
2022-08-29,PCA-07,Personal Care,290,0
2022-09-05,PCA-07,Personal Care,199,0
2022-09-12,PCA-07,Personal Care,238,0
2022-09-19,PCA-07,Personal Care,235,0
2022-09-26,PCA-07,Personal Care,162,0
2022-10-03,PCA-07,Personal Care,209,0
2022-10-10,PCA-07,Personal Care,259,0
2022-10-17,PCA-07,Personal Care,119,0
2022-10-24,PCA-07,Personal Care,188,0
2022-10-31,PCA-07,Personal Care,178,0
2022-11-07,PCA-07,Personal Care,167,0
2022-11-14,PCA-07,Personal Care,164,0
2022-11-21,PCA-07,Personal Care,176,0
2022-11-28,PCA-07,Personal Care,182,0
2022-12-05,PCA-07,Personal Care,227,0
2022-12-12,PCA-07,Personal Care,198,0
2022-12-19,PCA-07,Personal Care,172,0
2022-12-26,PCA-07,Personal Care,150,0
2023-01-02,PCA-07,Personal Care,169,0
2023-01-09,PCA-07,Personal Care,210,0
2023-01-16,PCA-07,Personal Care,169,0
2023-01-23,PCA-07,Personal Care,265,0
2023-01-30,PCA-07,Personal Care,239,0
2023-02-06,PCA-07,Personal Care,293,0
2023-02-13,PCA-07,Personal Care,190,0
2023-02-20,PCA-07,Personal Care,185,0
2023-02-27,PCA-07,Personal Care,308,0
2023-03-06,PCA-07,Personal Care,241,0
2023-03-13,PCA-07,Personal Care,223,0
2023-03-20,PCA-07,Personal Care,282,0
2023-03-27,PCA-07,Personal Care,279,0
2023-04-03,PCA-07,Personal Care,171,0
2023-04-10,PCA-07,Personal Care,331,0
2023-04-17,PCA-07,Personal Care,208,0
2023-04-24,PCA-07,Personal Care,351,0
2023-05-01,PCA-07,Personal Care,161,0
2023-05-08,PCA-07,Personal Care,241,0
2023-05-15,PCA-07,Personal Care,209,0
2023-05-22,PCA-07,Personal Care,131,0
2023-05-29,PCA-07,Personal Care,252,0
2023-06-05,PCA-07,Personal Care,129,0
2023-06-12,PCA-07,Personal Care,193,0
2023-06-19,PCA-07,Personal Care,367,1
2023-06-26,PCA-07,Personal Care,178,0
2023-07-03,PCA-07,Personal Care,161,0
2023-07-10,PCA-07,Personal Care,247,0
2023-07-17,PCA-07,Personal Care,188,0
2023-07-24,PCA-07,Personal Care,180,0
2023-07-31,PCA-07,Personal Care,274,0
2023-08-07,PCA-07,Personal Care,182,1
2023-08-14,PCA-07,Personal Care,175,0
2023-08-21,PCA-07,Personal Care,243,0
2023-08-28,PCA-07,Personal Care,142,0
2023-09-04,PCA-07,Personal Care,302,0
2023-09-11,PCA-07,Personal Care,181,0
2023-09-18,PCA-07,Personal Care,236,0
2023-09-25,PCA-07,Personal Care,297,1
2023-10-02,PCA-07,Personal Care,179,0
2023-10-09,PCA-07,Personal Care,163,0
2023-10-16,PCA-07,Personal Care,181,0
2023-10-23,PCA-07,Personal Care,218,0
2023-10-30,PCA-07,Personal Care,141,0
2023-11-06,PCA-07,Personal Care,134,0
2023-11-13,PCA-07,Personal Care,266,0
2023-11-20,PCA-07,Personal Care,153,0
2023-11-27,PCA-07,Personal Care,205,0
2023-12-04,PCA-07,Personal Care,181,0
2023-12-11,PCA-07,Personal Care,188,0
2023-12-18,PCA-07,Personal Care,288,0
2023-12-25,PCA-07,Personal Care,201,0
2024-01-01,PCA-07,Personal Care,194,0
2024-01-08,PCA-07,Personal Care,204,0
2024-01-15,PCA-07,Personal Care,198,0
2024-01-22,PCA-07,Personal Care,196,0
2024-01-29,PCA-07,Personal Care,210,0
2024-02-05,PCA-07,Personal Care,372,0
2024-02-12,PCA-07,Personal Care,485,1
2024-02-19,PCA-07,Personal Care,233,0
2024-02-26,PCA-07,Personal Care,331,0
2024-03-04,PCA-07,Personal Care,174,0
2024-03-11,PCA-07,Personal Care,372,0
2024-03-18,PCA-07,Personal Care,366,0
2024-03-25,PCA-07,Personal Care,465,0
2024-04-01,PCA-07,Personal Care,340,0
2024-04-08,PCA-07,Personal Care,292,0
2024-04-15,PCA-07,Personal Care,523,1
2024-04-22,PCA-07,Personal Care,218,0
2024-04-29,PCA-07,Personal Care,229,0
2024-05-06,PCA-07,Personal Care,245,0
2024-05-13,PCA-07,Personal Care,347,0
2024-05-20,PCA-07,Personal Care,195,0
2024-05-27,PCA-07,Personal Care,290,1
2024-06-03,PCA-07,Personal Care,250,0
2024-06-10,PCA-07,Personal Care,279,0
2024-06-17,PCA-07,Personal Care,193,0
2024-06-24,PCA-07,Personal Care,271,0
2024-07-01,PCA-07,Personal Care,321,0
2024-07-08,PCA-07,Personal Care,306,0
2024-07-15,PCA-07,Personal Care,245,0
2024-07-22,PCA-07,Personal Care,328,1
2024-07-29,PCA-07,Personal Care,345,0
2024-08-05,PCA-07,Personal Care,222,0
2024-08-12,PCA-07,Personal Care,279,0
2024-08-19,PCA-07,Personal Care,359,0
2024-08-26,PCA-07,Personal Care,269,0
2024-09-02,PCA-07,Personal Care,168,0
2024-09-09,PCA-07,Personal Care,156,0
2024-09-16,PCA-07,Personal Care,197,0
2024-09-23,PCA-07,Personal Care,251,0
2024-09-30,PCA-07,Personal Care,233,0
2024-10-07,PCA-07,Personal Care,361,0
2024-10-14,PCA-07,Personal Care,228,0
2024-10-21,PCA-07,Personal Care,187,0
2024-10-28,PCA-07,Personal Care,152,0
2024-11-04,PCA-07,Personal Care,274,0
2024-11-11,PCA-07,Personal Care,204,0
2024-11-18,PCA-07,Personal Care,141,0
2024-11-25,PCA-07,Personal Care,210,0
2024-12-02,PCA-07,Personal Care,206,1
2024-12-09,PCA-07,Personal Care,195,0
2024-12-16,PCA-07,Personal Care,223,0
2024-12-23,PCA-07,Personal Care,182,0
2022-01-03,PCA-08,Personal Care,3707,0
2022-01-10,PCA-08,Personal Care,1806,0
2022-01-17,PCA-08,Personal Care,1223,0
2022-01-24,PCA-08,Personal Care,1473,0
2022-01-31,PCA-08,Personal Care,1976,0
2022-02-07,PCA-08,Personal Care,1708,0
2022-02-14,PCA-08,Personal Care,2030,0
2022-02-21,PCA-08,Personal Care,3712,0
2022-02-28,PCA-08,Personal Care,1165,0
2022-03-07,PCA-08,Personal Care,2427,0
2022-03-14,PCA-08,Personal Care,1830,0
2022-03-21,PCA-08,Personal Care,1545,0
2022-03-28,PCA-08,Personal Care,2923,0
2022-04-04,PCA-08,Personal Care,1039,0
2022-04-11,PCA-08,Personal Care,713,0
2022-04-18,PCA-08,Personal Care,2016,0
2022-04-25,PCA-08,Personal Care,1712,0
2022-05-02,PCA-08,Personal Care,1027,0
2022-05-09,PCA-08,Personal Care,870,0
2022-05-16,PCA-08,Personal Care,3739,0
2022-05-23,PCA-08,Personal Care,2017,0
2022-05-30,PCA-08,Personal Care,1651,0
2022-06-06,PCA-08,Personal Care,3916,0
2022-06-13,PCA-08,Personal Care,2389,0
2022-06-20,PCA-08,Personal Care,3184,0
2022-06-27,PCA-08,Personal Care,948,0
2022-07-04,PCA-08,Personal Care,922,0
2022-07-11,PCA-08,Personal Care,1923,0
2022-07-18,PCA-08,Personal Care,1755,0
2022-07-25,PCA-08,Personal Care,2443,0
2022-08-01,PCA-08,Personal Care,753,0
2022-08-08,PCA-08,Personal Care,1926,0
2022-08-15,PCA-08,Personal Care,2144,0
2022-08-22,PCA-08,Personal Care,2078,0
2022-08-29,PCA-08,Personal Care,1192,0
2022-09-05,PCA-08,Personal Care,1713,0
2022-09-12,PCA-08,Personal Care,999,0
2022-09-19,PCA-08,Personal Care,1197,0
2022-09-26,PCA-08,Personal Care,869,0
2022-10-03,PCA-08,Personal Care,961,0
2022-10-10,PCA-08,Personal Care,1168,0
2022-10-17,PCA-08,Personal Care,1042,0
2022-10-24,PCA-08,Personal Care,925,0
2022-10-31,PCA-08,Personal Care,738,0
2022-11-07,PCA-08,Personal Care,2772,0
2022-11-14,PCA-08,Personal Care,1025,0
2022-11-21,PCA-08,Personal Care,1453,0
2022-11-28,PCA-08,Personal Care,633,0
2022-12-05,PCA-08,Personal Care,2300,0
2022-12-12,PCA-08,Personal Care,1461,0
2022-12-19,PCA-08,Personal Care,1180,0
2022-12-26,PCA-08,Personal Care,1953,1
2023-01-02,PCA-08,Personal Care,2173,0
2023-01-09,PCA-08,Personal Care,479,0
2023-01-16,PCA-08,Personal Care,1185,0
2023-01-23,PCA-08,Personal Care,1641,0
2023-01-30,PCA-08,Personal Care,1694,0
2023-02-06,PCA-08,Personal Care,5108,0
2023-02-13,PCA-08,Personal Care,1658,0
2023-02-20,PCA-08,Personal Care,2915,0
2023-02-27,PCA-08,Personal Care,4152,0
2023-03-06,PCA-08,Personal Care,2652,0
2023-03-13,PCA-08,Personal Care,1552,0
2023-03-20,PCA-08,Personal Care,1217,0
2023-03-27,PCA-08,Personal Care,2775,0
2023-04-03,PCA-08,Personal Care,3981,0
2023-04-10,PCA-08,Personal Care,2526,0
2023-04-17,PCA-08,Personal Care,3299,0
2023-04-24,PCA-08,Personal Care,5639,0
2023-05-01,PCA-08,Personal Care,2717,0
2023-05-08,PCA-08,Personal Care,1213,0
2023-05-15,PCA-08,Personal Care,1896,0
2023-05-22,PCA-08,Personal Care,3172,0
2023-05-29,PCA-08,Personal Care,1610,0
2023-06-05,PCA-08,Personal Care,3219,0
2023-06-12,PCA-08,Personal Care,1669,0
2023-06-19,PCA-08,Personal Care,1932,0
2023-06-26,PCA-08,Personal Care,1442,0
2023-07-03,PCA-08,Personal Care,1752,0
2023-07-10,PCA-08,Personal Care,1771,0
2023-07-17,PCA-08,Personal Care,838,0
2023-07-24,PCA-08,Personal Care,1334,0
2023-07-31,PCA-08,Personal Care,960,0
2023-08-07,PCA-08,Personal Care,1332,0
2023-08-14,PCA-08,Personal Care,1128,0
2023-08-21,PCA-08,Personal Care,2327,0
2023-08-28,PCA-08,Personal Care,2313,0
2023-09-04,PCA-08,Personal Care,1893,0
2023-09-11,PCA-08,Personal Care,889,0
2023-09-18,PCA-08,Personal Care,1408,0
2023-09-25,PCA-08,Personal Care,835,0
2023-10-02,PCA-08,Personal Care,1338,0
2023-10-09,PCA-08,Personal Care,1820,0
2023-10-16,PCA-08,Personal Care,2066,0
2023-10-23,PCA-08,Personal Care,1655,0
2023-10-30,PCA-08,Personal Care,2262,0
2023-11-06,PCA-08,Personal Care,1505,0
2023-11-13,PCA-08,Personal Care,1237,0
2023-11-20,PCA-08,Personal Care,1959,0
2023-11-27,PCA-08,Personal Care,3373,1
2023-12-04,PCA-08,Personal Care,1155,0
2023-12-11,PCA-08,Personal Care,1715,0
2023-12-18,PCA-08,Personal Care,1350,0
2023-12-25,PCA-08,Personal Care,698,0
2024-01-01,PCA-08,Personal Care,1964,0
2024-01-08,PCA-08,Personal Care,1011,0
2024-01-15,PCA-08,Personal Care,2036,0
2024-01-22,PCA-08,Personal Care,994,0
2024-01-29,PCA-08,Personal Care,1436,0
2024-02-05,PCA-08,Personal Care,1669,0
2024-02-12,PCA-08,Personal Care,5248,1
2024-02-19,PCA-08,Personal Care,1695,0
2024-02-26,PCA-08,Personal Care,1389,0
2024-03-04,PCA-08,Personal Care,2532,0
2024-03-11,PCA-08,Personal Care,2022,0
2024-03-18,PCA-08,Personal Care,3061,0
2024-03-25,PCA-08,Personal Care,1474,0
2024-04-01,PCA-08,Personal Care,2413,0
2024-04-08,PCA-08,Personal Care,5989,0
2024-04-15,PCA-08,Personal Care,1971,0
2024-04-22,PCA-08,Personal Care,2308,0
2024-04-29,PCA-08,Personal Care,1071,0
2024-05-06,PCA-08,Personal Care,1458,0
2024-05-13,PCA-08,Personal Care,2435,0
2024-05-20,PCA-08,Personal Care,1730,0
2024-05-27,PCA-08,Personal Care,2486,0
2024-06-03,PCA-08,Personal Care,3184,1
2024-06-10,PCA-08,Personal Care,1092,0
2024-06-17,PCA-08,Personal Care,2769,0
2024-06-24,PCA-08,Personal Care,1091,0
2024-07-01,PCA-08,Personal Care,1307,0
2024-07-08,PCA-08,Personal Care,1936,0
2024-07-15,PCA-08,Personal Care,3301,0
2024-07-22,PCA-08,Personal Care,1152,0
2024-07-29,PCA-08,Personal Care,1825,0
2024-08-05,PCA-08,Personal Care,2256,1
2024-08-12,PCA-08,Personal Care,2208,0
2024-08-19,PCA-08,Personal Care,2709,0
2024-08-26,PCA-08,Personal Care,1407,0
2024-09-02,PCA-08,Personal Care,2470,0
2024-09-09,PCA-08,Personal Care,2774,0
2024-09-16,PCA-08,Personal Care,3286,0
2024-09-23,PCA-08,Personal Care,2624,1
2024-09-30,PCA-08,Personal Care,1646,0
2024-10-07,PCA-08,Personal Care,1254,0
2024-10-14,PCA-08,Personal Care,829,0
2024-10-21,PCA-08,Personal Care,1325,0
2024-10-28,PCA-08,Personal Care,1541,0
2024-11-04,PCA-08,Personal Care,1993,1
2024-11-11,PCA-08,Personal Care,1876,0
2024-11-18,PCA-08,Personal Care,823,0
2024-11-25,PCA-08,Personal Care,1401,0
2024-12-02,PCA-08,Personal Care,3465,0
2024-12-09,PCA-08,Personal Care,2752,1
2024-12-16,PCA-08,Personal Care,2103,0
2024-12-23,PCA-08,Personal Care,1991,0
2022-01-03,PCA-09,Personal Care,91,0
2022-01-10,PCA-09,Personal Care,118,0
2022-01-17,PCA-09,Personal Care,128,0
2022-01-24,PCA-09,Personal Care,135,0
2022-01-31,PCA-09,Personal Care,151,0
2022-02-07,PCA-09,Personal Care,138,0
2022-02-14,PCA-09,Personal Care,135,0
2022-02-21,PCA-09,Personal Care,192,0
2022-02-28,PCA-09,Personal Care,152,0
2022-03-07,PCA-09,Personal Care,209,0
2022-03-14,PCA-09,Personal Care,160,0
2022-03-21,PCA-09,Personal Care,171,0
2022-03-28,PCA-09,Personal Care,169,0
2022-04-04,PCA-09,Personal Care,181,0
2022-04-11,PCA-09,Personal Care,163,0
2022-04-18,PCA-09,Personal Care,177,0
2022-04-25,PCA-09,Personal Care,223,0
2022-05-02,PCA-09,Personal Care,204,0
2022-05-09,PCA-09,Personal Care,202,0
2022-05-16,PCA-09,Personal Care,133,0
2022-05-23,PCA-09,Personal Care,216,1
2022-05-30,PCA-09,Personal Care,166,0
2022-06-06,PCA-09,Personal Care,178,0
2022-06-13,PCA-09,Personal Care,140,0
2022-06-20,PCA-09,Personal Care,133,0
2022-06-27,PCA-09,Personal Care,185,0
2022-07-04,PCA-09,Personal Care,161,0
2022-07-11,PCA-09,Personal Care,169,0
2022-07-18,PCA-09,Personal Care,130,0
2022-07-25,PCA-09,Personal Care,126,0
2022-08-01,PCA-09,Personal Care,159,0
2022-08-08,PCA-09,Personal Care,129,0
2022-08-15,PCA-09,Personal Care,120,0
2022-08-22,PCA-09,Personal Care,113,0
2022-08-29,PCA-09,Personal Care,120,0
2022-09-05,PCA-09,Personal Care,150,0
2022-09-12,PCA-09,Personal Care,100,0
2022-09-19,PCA-09,Personal Care,140,0
2022-09-26,PCA-09,Personal Care,111,0
2022-10-03,PCA-09,Personal Care,119,0
2022-10-10,PCA-09,Personal Care,118,0
2022-10-17,PCA-09,Personal Care,115,0
2022-10-24,PCA-09,Personal Care,112,0
2022-10-31,PCA-09,Personal Care,107,0
2022-11-07,PCA-09,Personal Care,103,0
2022-11-14,PCA-09,Personal Care,140,0
2022-11-21,PCA-09,Personal Care,112,0
2022-11-28,PCA-09,Personal Care,109,0
2022-12-05,PCA-09,Personal Care,100,0
2022-12-12,PCA-09,Personal Care,105,0
2022-12-19,PCA-09,Personal Care,102,0
2022-12-26,PCA-09,Personal Care,132,0
2023-01-02,PCA-09,Personal Care,105,0
2023-01-09,PCA-09,Personal Care,85,0
2023-01-16,PCA-09,Personal Care,128,0
2023-01-23,PCA-09,Personal Care,125,0
2023-01-30,PCA-09,Personal Care,200,1
2023-02-06,PCA-09,Personal Care,240,1
2023-02-13,PCA-09,Personal Care,93,0
2023-02-20,PCA-09,Personal Care,196,0
2023-02-27,PCA-09,Personal Care,185,0
2023-03-06,PCA-09,Personal Care,144,0
2023-03-13,PCA-09,Personal Care,152,0
2023-03-20,PCA-09,Personal Care,181,0
2023-03-27,PCA-09,Personal Care,184,0
2023-04-03,PCA-09,Personal Care,153,0
2023-04-10,PCA-09,Personal Care,130,0
2023-04-17,PCA-09,Personal Care,241,0
2023-04-24,PCA-09,Personal Care,198,0
2023-05-01,PCA-09,Personal Care,172,0
2023-05-08,PCA-09,Personal Care,170,0
2023-05-15,PCA-09,Personal Care,180,0
2023-05-22,PCA-09,Personal Care,180,0
2023-05-29,PCA-09,Personal Care,110,0
2023-06-05,PCA-09,Personal Care,144,0
2023-06-12,PCA-09,Personal Care,139,0
2023-06-19,PCA-09,Personal Care,142,0
2023-06-26,PCA-09,Personal Care,197,1
2023-07-03,PCA-09,Personal Care,104,0
2023-07-10,PCA-09,Personal Care,110,0
2023-07-17,PCA-09,Personal Care,121,0
2023-07-24,PCA-09,Personal Care,138,0
2023-07-31,PCA-09,Personal Care,152,0
2023-08-07,PCA-09,Personal Care,172,0
2023-08-14,PCA-09,Personal Care,124,0
2023-08-21,PCA-09,Personal Care,148,0
2023-08-28,PCA-09,Personal Care,143,0
2023-09-04,PCA-09,Personal Care,138,0
2023-09-11,PCA-09,Personal Care,124,0
2023-09-18,PCA-09,Personal Care,115,0
2023-09-25,PCA-09,Personal Care,102,0
2023-10-02,PCA-09,Personal Care,99,0
2023-10-09,PCA-09,Personal Care,125,0
2023-10-16,PCA-09,Personal Care,115,0
2023-10-23,PCA-09,Personal Care,107,0
2023-10-30,PCA-09,Personal Care,126,0
2023-11-06,PCA-09,Personal Care,107,0
2023-11-13,PCA-09,Personal Care,94,0
2023-11-20,PCA-09,Personal Care,104,0
2023-11-27,PCA-09,Personal Care,124,0
2023-12-04,PCA-09,Personal Care,91,0
2023-12-11,PCA-09,Personal Care,113,0
2023-12-18,PCA-09,Personal Care,110,0
2023-12-25,PCA-09,Personal Care,99,0
2024-01-01,PCA-09,Personal Care,110,0
2024-01-08,PCA-09,Personal Care,91,0
2024-01-15,PCA-09,Personal Care,125,0
2024-01-22,PCA-09,Personal Care,101,0
2024-01-29,PCA-09,Personal Care,157,0
2024-02-05,PCA-09,Personal Care,134,0
2024-02-12,PCA-09,Personal Care,129,0
2024-02-19,PCA-09,Personal Care,177,0
2024-02-26,PCA-09,Personal Care,127,0
2024-03-04,PCA-09,Personal Care,137,0
2024-03-11,PCA-09,Personal Care,117,0
2024-03-18,PCA-09,Personal Care,200,0
2024-03-25,PCA-09,Personal Care,223,0
2024-04-01,PCA-09,Personal Care,125,0
2024-04-08,PCA-09,Personal Care,250,1
2024-04-15,PCA-09,Personal Care,246,1
2024-04-22,PCA-09,Personal Care,151,0
2024-04-29,PCA-09,Personal Care,162,0
2024-05-06,PCA-09,Personal Care,158,0
2024-05-13,PCA-09,Personal Care,170,0
2024-05-20,PCA-09,Personal Care,133,0
2024-05-27,PCA-09,Personal Care,157,0
2024-06-03,PCA-09,Personal Care,124,0
2024-06-10,PCA-09,Personal Care,136,0
2024-06-17,PCA-09,Personal Care,107,0
2024-06-24,PCA-09,Personal Care,131,0
2024-07-01,PCA-09,Personal Care,125,0
2024-07-08,PCA-09,Personal Care,158,0
2024-07-15,PCA-09,Personal Care,131,0
2024-07-22,PCA-09,Personal Care,134,0
2024-07-29,PCA-09,Personal Care,129,0
2024-08-05,PCA-09,Personal Care,90,0
2024-08-12,PCA-09,Personal Care,91,0
2024-08-19,PCA-09,Personal Care,119,0
2024-08-26,PCA-09,Personal Care,130,0
2024-09-02,PCA-09,Personal Care,118,0
2024-09-09,PCA-09,Personal Care,105,0
2024-09-16,PCA-09,Personal Care,116,0
2024-09-23,PCA-09,Personal Care,112,0
2024-09-30,PCA-09,Personal Care,133,0
2024-10-07,PCA-09,Personal Care,130,0
2024-10-14,PCA-09,Personal Care,103,0
2024-10-21,PCA-09,Personal Care,111,0
2024-10-28,PCA-09,Personal Care,115,0
2024-11-04,PCA-09,Personal Care,116,0
2024-11-11,PCA-09,Personal Care,141,0
2024-11-18,PCA-09,Personal Care,105,0
2024-11-25,PCA-09,Personal Care,128,0
2024-12-02,PCA-09,Personal Care,87,0
2024-12-09,PCA-09,Personal Care,95,0
2024-12-16,PCA-09,Personal Care,75,0
2024-12-23,PCA-09,Personal Care,112,0
